0, 199, 0,-1
0, 238, 0,-1
0, 98, 1,-1
0, 39, 0,-1
0, 153, 4,-1
0, 236, 0,-1
0, 60, 0,-1
0, 428, 0,-1
0, 10, 0,-1
0, 22, 0,-1
0, 815, 17,-1
0, 300, 0,-1
0, 127, 1,-1
0, 22, 0,-1
0, 297, 0,-1
0, 51, 0,-1
0, 409, 3,-1
0, 40, 0,-1
1, 210, 3,-1
0, 121, 0,-1
0, 87, 0,-1
0, 104, 0,-1
0, 378, 1,-1
0, 262, 1,-1
0, 561, 2,-1
0, 22, 0,-1
0, 25, 0,-1
0, 46, 0,-1
0, 97, 1,-1
0, 22, 0,-1
0, 917, 4,-1
0, 155, 0,-1
0, 80, 2,-1
0, 10, 0,-1
0, 59, 0,-1
0, 330, 1,-1
0, 522, 2,-1
0, 364, 2,-1
0, 614, 4,-1
0, 163, 0,-1
0, 272, 2,-1
0, 369, 2,-1
0, 22, 0,-1
0, 152, 0,-1
0, 160, 0,-1
0, 56, 1,-1
0, 644, 0,-1
0, 25, 0,-1
0, 29, 1,-1
0, 1548, 4,-1
0, 2500, 4,-1
0, 252, 1,-1
0, 137, 0,-1
0, 383, 1,-1
0, 73, 0,-1
0, 64, 0,-1
0, 384, 9,-1
0, 343, 4,-1
0, 104, 1,-1
0, 214, 5,-1
0, 283, 2,-1
1, 30, 1,-1
0, 119, 1,-1
0, 96, 0,-1
0, 510, 2,-1
0, 113, 0,-1
0, 98, 0,-1
0, 64, 0,-1
0, 20, 0,-1
0, 55, 0,-1
0, 34, 0,-1
0, 149, 0,-1
0, 27, 0,-1
0, 644, 4,-1
0, 90, 0,-1
0, 397, 2,-1
0, 153, 0,-1
0, 317, 0,-1
0, 48, 0,-1
0, 22, 0,-1
0, 39, 0,-1
0, 75, 0,-1
0, 341, 0,-1
0, 175, 2,-1
0, 232, 0,-1
0, 82, 1,-1
0, 431, 3,-1
0, 98, 1,-1
0, 273, 1,-1
0, 129, 0,-1
0, 35, 0,-1
0, 698, 2,-1
0, 84, 0,-1
0, 239, 1,-1
0, 36, 0,-1
0, 28, 0,-1
0, 31, 0,-1
0, 97, 0,-1
0, 127, 0,-1
0, 183, 1,-1
0, 1095, 8,-1
0, 1640, 2,-1
0, 375, 1,-1
0, 40, 0,-1
0, 2085, 10,-1
0, 15, 0,-1
0, 78, 0,-1
0, 246, 0,-1
0, 484, 0,-1
0, 762, 3,-1
0, 568, 0,-1
0, 953, 7,-1
0, 34, 0,-1
0, 239, 0,-1
0, 32, 0,-1
0, 21, 0,-1
0, 47, 0,-1
0, 22, 0,-1
0, 91, 0,-1
0, 64, 0,-1
0, 299, 1,-1
0, 22, 0,-1
0, 101, 0,-1
0, 64, 0,-1
0, 22, 0,-1
0, 175, 0,-1
0, 40, 0,-1
0, 190, 1,-1
0, 520, 0,-1
0, 60, 0,-1
0, 106, 0,-1
0, 522, 2,-1
0, 17, 0,-1
0, 98, 0,-1
0, 201, 1,-1
0, 757, 11,-1
1, 13, 0,-1
0, 624, 1,-1
0, 111, 0,-1
0, 334, 1,-1
0, 185, 2,-1
0, 22, 0,-1
0, 396, 4,-1
0, 93, 1,-1
0, 54, 0,-1
0, 36, 0,-1
0, 157, 0,-1
0, 204, 3,-1
0, 96, 0,-1
0, 109, 0,-1
0, 78, 0,-1
0, 122, 0,-1
0, 22, 0,-1
0, 119, 1,-1
0, 27, 0,-1
0, 52, 1,-1
0, 82, 0,-1
0, 238, 1,-1
0, 81, 0,-1
0, 379, 3,-1
0, 100, 0,-1
0, 71, 0,-1
0, 16, 0,-1
0, 149, 0,-1
0, 87, 0,-1
0, 176, 0,-1
0, 389, 0,-1
0, 27, 0,-1
0, 139, 1,-1
0, 34, 0,-1
0, 304, 0,-1
0, 85, 0,-1
0, 398, 0,-1
0, 170, 0,-1
0, 127, 0,-1
0, 1064, 0,-1
0, 170, 0,-1
0, 33, 0,-1
0, 105, 0,-1
0, 339, 0,-1
0, 43, 0,-1
0, 48, 0,-1
0, 25, 0,-1
0, 110, 0,-1
0, 16, 0,-1
0, 394, 1,-1
0, 33, 0,-1
0, 123, 0,-1
0, 656, 1,-1
0, 49, 0,-1
0, 17, 0,-1
0, 323, 4,-1
0, 481, 1,-1
0, 22, 0,-1
0, 22, 0,-1
0, 428, 3,-1
0, 13, 0,-1
0, 171, 0,-1
0, 62, 1,-1
0, 76, 0,-1
0, 42, 0,-1
0, 340, 1,-1
0, 16, 0,-1
0, 179, 1,-1
0, 150, 0,-1
0, 40, 0,-1
0, 1083, 7,-1
0, 143, 2,-1
0, 87, 1,-1
0, 152, 0,-1
1, 32, 0,-1
0, 312, 0,-1
0, 301, 0,-1
0, 59, 0,-1
0, 41, 0,-1
0, 65, 0,-1
0, 318, 0,-1
0, 22, 0,-1
0, 47, 0,-1
0, 104, 2,-1
0, 24, 0,-1
0, 31, 0,-1
0, 124, 0,-1
0, 45, 1,-1
0, 38, 0,-1
0, 139, 1,-1
0, 169, 1,-1
0, 23, 0,-1
0, 438, 10,-1
0, 85, 0,-1
0, 23, 0,-1
0, 290, 0,-1
0, 476, 2,-1
0, 65, 1,-1
0, 22, 0,-1
0, 132, 0,-1
0, 963, 1,-1
0, 65, 1,-1
0, 455, 0,-1
0, 38, 0,-1
0, 88, 0,-1
0, 156, 0,-1
0, 24, 0,-1
0, 36, 0,-1
0, 311, 1,-1
0, 18, 0,-1
0, 238, 0,-1
0, 247, 3,-1
0, 38, 0,-1
0, 190, 0,-1
0, 67, 0,-1
0, 77, 0,-1
0, 72, 0,-1
0, 83, 1,-1
0, 264, 1,-1
0, 340, 1,-1
0, 343, 2,-1
0, 31, 0,-1
0, 221, 0,-1
0, 22, 0,-1
0, 44, 0,-1
0, 16, 0,-1
0, 381, 0,-1
0, 22, 0,-1
0, 268, 1,-1
0, 331, 1,-1
0, 80, 0,-1
0, 62, 0,-1
0, 184, 0,-1
0, 36, 0,-1
0, 62, 0,-1
0, 312, 15,-1
0, 34, 0,-1
0, 25, 0,-1
0, 97, 0,-1
0, 660, 4,-1
0, 1085, 5,-1
0, 121, 5,-1
0, 37, 0,-1
0, 607, 0,-1
0, 143, 2,-1
0, 88, 1,-1
0, 24, 0,-1
0, 120, 1,-1
0, 134, 0,-1
0, 26, 0,-1
0, 92, 1,-1
0, 234, 3,-1
0, 213, 0,-1
0, 118, 0,-1
0, 86, 0,-1
0, 528, 1,-1
0, 166, 0,-1
0, 194, 0,-1
0, 297, 0,-1
0, 35, 0,-1
0, 107, 0,-1
0, 417, 7,-1
0, 253, 3,-1
0, 60, 0,-1
0, 222, 2,-1
0, 32, 0,-1
0, 74, 0,-1
0, 32, 1,-1
0, 309, 1,-1
0, 132, 0,-1
0, 48, 0,-1
0, 19, 0,-1
0, 101, 0,-1
0, 407, 9,-1
0, 74, 0,-1
0, 228, 0,-1
0, 353, 0,-1
0, 23, 0,-1
0, 109, 0,-1
0, 156, 2,-1
0, 952, 3,-1
0, 274, 2,-1
0, 35, 0,-1
0, 41, 0,-1
0, 307, 3,-1
0, 1277, 0,-1
0, 266, 0,-1
0, 112, 0,-1
0, 46, 0,-1
0, 11, 0,-1
0, 504, 1,-1
0, 19, 0,-1
0, 167, 0,-1
0, 18, 0,-1
0, 96, 0,-1
0, 144, 1,-1
0, 77, 0,-1
0, 183, 1,-1
0, 58, 0,-1
0, 23, 0,-1
0, 30, 0,-1
0, 53, 0,-1
0, 42, 1,-1
0, 150, 1,-1
0, 34, 0,-1
0, 216, 1,-1
0, 14, 0,-1
0, 39, 0,-1
0, 744, 8,-1
0, 216, 0,-1
0, 51, 0,-1
0, 504, 1,-1
0, 54, 1,-1
0, 1898, 2,-1
0, 161, 3,-1
0, 385, 0,-1
0, 299, 0,-1
0, 129, 0,-1
0, 1220, 18,-1
0, 65, 0,-1
0, 15, 0,-1
0, 620, 3,-1
0, 335, 3,-1
0, 142, 0,-1
0, 279, 2,-1
0, 96, 2,-1
0, 57, 0,-1
0, 62, 0,-1
0, 17, 0,-1
0, 18, 0,-1
0, 51, 1,-1
0, 664, 1,-1
0, 32, 0,-1
0, 308, 2,-1
0, 173, 1,-1
0, 50, 0,-1
0, 80, 0,-1
0, 817, 6,-1
0, 22, 0,-1
0, 130, 0,-1
0, 101, 1,-1
0, 526, 2,-1
0, 77, 0,-1
0, 208, 0,-1
0, 295, 3,-1
0, 584, 1,-1
0, 169, 0,-1
0, 55, 0,-1
0, 1026, 3,-1
0, 33, 0,-1
0, 440, 0,-1
0, 60, 0,-1
0, 45, 0,-1
0, 193, 0,-1
0, 46, 1,-1
0, 51, 0,-1
0, 44, 0,-1
0, 140, 0,-1
0, 67, 0,-1
0, 248, 1,-1
0, 24, 0,-1
0, 226, 0,-1
1, 380, 21,-1
1, 55, 1,-1
0, 51, 0,-1
0, 55, 1,-1
0, 66, 3,-1
0, 345, 6,-1
0, 345, 0,-1
0, 343, 0,-1
0, 56, 0,-1
0, 35, 0,-1
0, 25, 0,-1
0, 72, 0,-1
0, 24, 0,-1
0, 126, 0,-1
0, 225, 0,-1
1, 713, 10,-1
0, 725, 0,-1
0, 367, 0,-1
0, 706, 2,-1
1, 477, 17,-1
0, 34, 0,-1
0, 26, 0,-1
0, 169, 0,-1
0, 78, 0,-1
0, 131, 0,-1
0, 77, 1,-1
0, 59, 1,-1
0, 63, 1,-1
0, 69, 0,-1
0, 100, 1,-1
0, 120, 3,-1
1, 19, 0,-1
0, 190, 0,-1
0, 27, 0,-1
0, 35, 0,-1
1, 16, 1,-1
0, 871, 7,-1
0, 229, 6,-1
0, 169, 0,-1
0, 228, 0,-1
0, 640, 4,-1
0, 381, 1,-1
0, 110, 0,-1
0, 23, 0,-1
0, 169, 0,-1
0, 577, 3,-1
0, 103, 0,-1
0, 34, 0,-1
0, 22, 0,-1
0, 369, 0,-1
0, 431, 3,-1
0, 472, 6,-1
0, 311, 0,-1
0, 155, 0,-1
0, 440, 0,-1
0, 113, 0,-1
0, 681, 3,-1
0, 408, 1,-1
0, 359, 0,-1
0, 585, 0,-1
0, 33, 0,-1
0, 11, 0,-1
0, 50, 0,-1
0, 8, 0,-1
0, 22, 0,-1
0, 48, 1,-1
0, 62, 0,-1
0, 742, 2,-1
0, 116, 1,-1
0, 75, 0,-1
0, 102, 0,-1
0, 104, 0,-1
0, 158, 2,-1
0, 312, 0,-1
0, 97, 1,-1
0, 405, 13,-1
0, 1583, 7,-1
0, 100, 0,-1
0, 22, 0,-1
0, 38, 0,-1
0, 39, 0,-1
0, 210, 2,-1
0, 123, 0,-1
0, 173, 0,-1
0, 49, 0,-1
0, 364, 2,-1
0, 448, 4,-1
0, 180, 1,-1
0, 22, 0,-1
0, 399, 1,-1
0, 24, 0,-1
0, 47, 0,-1
0, 1206, 1,-1
0, 171, 1,-1
0, 85, 2,-1
0, 134, 0,-1
0, 26, 0,-1
0, 1088, 2,-1
0, 464, 2,-1
0, 83, 0,-1
0, 32, 0,-1
0, 48, 0,-1
0, 191, 0,-1
0, 67, 0,-1
0, 360, 2,-1
0, 151, 0,-1
0, 203, 2,-1
0, 853, 4,-1
0, 22, 0,-1
0, 28, 0,-1
0, 22, 0,-1
0, 183, 0,-1
0, 66, 0,-1
0, 44, 2,-1
0, 427, 0,-1
0, 24, 0,-1
0, 46, 2,-1
0, 311, 0,-1
0, 854, 2,-1
0, 19, 0,-1
0, 479, 1,-1
0, 59, 1,-1
0, 374, 0,-1
0, 59, 0,-1
0, 343, 1,-1
0, 32, 0,-1
0, 39, 0,-1
0, 443, 16,-1
0, 22, 0,-1
0, 170, 0,-1
0, 99, 0,-1
1, 445, 6,-1
0, 292, 2,-1
0, 88, 1,-1
0, 238, 0,-1
0, 32, 0,-1
0, 157, 3,-1
0, 134, 1,-1
0, 22, 0,-1
0, 509, 2,-1
1, 158, 8,-1
0, 22, 0,-1
0, 36, 0,-1
0, 177, 2,-1
0, 26, 0,-1
0, 160, 3,-1
0, 54, 0,-1
0, 193, 1,-1
0, 45, 0,-1
1, 372, 8,-1
0, 63, 0,-1
0, 32, 0,-1
0, 590, 2,-1
0, 54, 0,-1
0, 85, 0,-1
0, 108, 0,-1
1, 104, 2,-1
0, 226, 0,-1
0, 22, 0,-1
0, 338, 3,-1
0, 91, 1,-1
0, 326, 0,-1
0, 65, 0,-1
0, 1383, 4,-1
0, 23, 0,-1
0, 279, 1,-1
0, 59, 0,-1
0, 26, 0,-1
0, 105, 0,-1
0, 72, 1,-1
0, 296, 0,-1
1, 336, 2,-1
0, 24, 0,-1
0, 43, 0,-1
0, 379, 1,-1
0, 79, 0,-1
0, 22, 0,-1
0, 86, 0,-1
0, 22, 0,-1
0, 7, 0,-1
0, 22, 0,-1
0, 137, 0,-1
0, 30, 0,-1
0, 500, 3,-1
0, 91, 1,-1
0, 1144, 1,-1
0, 146, 0,-1
0, 9, 0,-1
0, 22, 0,-1
0, 320, 0,-1
0, 270, 1,-1
0, 267, 2,-1
0, 433, 2,-1
0, 40, 1,-1
0, 60, 0,-1
0, 75, 0,-1
0, 140, 0,-1
0, 15, 0,-1
0, 75, 2,-1
0, 114, 1,-1
0, 65, 0,-1
0, 172, 0,-1
0, 503, 4,-1
0, 33, 0,-1
0, 874, 2,-1
0, 58, 1,-1
0, 785, 10,-1
0, 304, 0,-1
0, 442, 3,-1
0, 22, 0,-1
0, 1124, 1,-1
0, 225, 1,-1
0, 74, 0,-1
0, 78, 0,-1
0, 22, 0,-1
0, 224, 2,-1
0, 98, 0,-1
0, 99, 2,-1
0, 48, 1,-1
0, 31, 0,-1
0, 168, 0,-1
0, 325, 2,-1
0, 36, 0,-1
0, 22, 0,-1
0, 944, 8,-1
0, 211, 1,-1
0, 2561, 2,-1
0, 198, 0,-1
0, 234, 1,-1
0, 611, 9,-1
0, 37, 0,-1
0, 30, 0,-1
0, 683, 2,-1
0, 19, 0,-1
0, 609, 1,-1
0, 305, 0,-1
0, 47, 0,-1
0, 87, 2,-1
0, 497, 3,-1
0, 167, 0,-1
0, 22, 0,-1
0, 27, 0,-1
0, 22, 0,-1
0, 29, 0,-1
0, 465, 6,-1
0, 171, 2,-1
0, 370, 2,-1
0, 156, 2,-1
0, 296, 1,-1
0, 258, 1,-1
0, 391, 1,-1
0, 501, 5,-1
0, 798, 8,-1
0, 230, 0,-1
0, 427, 0,-1
0, 24, 0,-1
0, 22, 0,-1
0, 862, 3,-1
0, 48, 1,-1
0, 106, 3,-1
0, 81, 2,-1
0, 527, 2,-1
0, 32, 0,-1
0, 295, 0,-1
0, 38, 0,-1
0, 11, 0,-1
0, 19, 0,-1
0, 96, 0,-1
0, 101, 0,-1
1, 131, 2,-1
0, 218, 0,-1
0, 261, 1,-1
0, 409, 8,-1
0, 2144, 11,-1
0, 109, 2,-1
0, 164, 0,-1
0, 228, 1,-1
0, 23, 0,-1
0, 630, 1,-1
0, 184, 0,-1
0, 30, 0,-1
0, 137, 1,-1
0, 52, 1,-1
0, 96, 0,-1
0, 154, 1,-1
0, 187, 0,-1
0, 857, 17,-1
0, 517, 0,-1
0, 279, 0,-1
0, 129, 0,-1
0, 103, 0,-1
0, 105, 0,-1
0, 40, 0,-1
0, 130, 0,-1
0, 82, 0,-1
0, 29, 0,-1
0, 372, 3,-1
0, 42, 0,-1
0, 24, 0,-1
0, 69, 0,-1
0, 115, 0,-1
0, 249, 6,-1
0, 27, 0,-1
0, 15, 0,-1
0, 405, 2,-1
1, 1008, 13,-1
0, 40, 0,-1
0, 167, 0,-1
0, 23, 0,-1
0, 26, 0,-1
0, 212, 1,-1
0, 59, 0,-1
0, 331, 0,-1
0, 303, 1,-1
0, 22, 0,-1
0, 294, 2,-1
0, 329, 1,-1
0, 533, 4,-1
0, 51, 0,-1
0, 55, 0,-1
0, 70, 0,-1
0, 122, 0,-1
0, 451, 6,-1
0, 607, 4,-1
0, 1169, 8,-1
0, 552, 4,-1
0, 52, 0,-1
0, 251, 0,-1
0, 299, 0,-1
0, 250, 8,-1
0, 207, 0,-1
0, 138, 2,-1
0, 435, 4,-1
0, 40, 0,-1
0, 40, 0,-1
0, 174, 3,-1
0, 206, 1,-1
0, 451, 2,-1
0, 35, 0,-1
0, 1466, 5,-1
0, 23, 0,-1
0, 144, 2,-1
0, 1803, 8,-1
0, 26, 0,-1
0, 93, 0,-1
0, 109, 0,-1
0, 1034, 1,-1
0, 36, 0,-1
0, 40, 0,-1
0, 48, 0,-1
0, 206, 0,-1
0, 620, 6,-1
0, 60, 1,-1
0, 263, 0,-1
0, 113, 2,-1
0, 833, 4,-1
0, 52, 0,-1
0, 121, 0,-1
1, 191, 3,-1
0, 40, 0,-1
0, 28, 0,-1
0, 218, 1,-1
0, 79, 0,-1
0, 40, 0,-1
0, 14, 0,-1
0, 515, 2,-1
0, 48, 0,-1
0, 87, 0,-1
0, 56, 0,-1
1, 849, 4,-1
0, 268, 1,-1
0, 42, 1,-1
0, 35, 0,-1
0, 492, 0,-1
0, 89, 0,-1
0, 73, 0,-1
0, 1179, 5,-1
0, 605, 0,-1
0, 56, 1,-1
0, 1486, 3,-1
0, 451, 1,-1
0, 903, 3,-1
0, 22, 0,-1
0, 44, 0,-1
0, 1005, 4,-1
0, 62, 0,-1
0, 22, 0,-1
0, 211, 1,-1
0, 145, 0,-1
0, 99, 0,-1
0, 438, 0,-1
0, 655, 6,-1
0, 138, 0,-1
0, 32, 0,-1
0, 77, 0,-1
0, 24, 0,-1
0, 16, 0,-1
0, 379, 0,-1
0, 73, 1,-1
0, 50, 0,-1
0, 21, 0,-1
0, 147, 0,-1
0, 54, 0,-1
0, 66, 0,-1
0, 1035, 6,-1
0, 87, 0,-1
0, 318, 0,-1
0, 92, 0,-1
0, 179, 1,-1
0, 70, 0,-1
0, 128, 0,-1
0, 113, 1,-1
0, 905, 1,-1
0, 210, 0,-1
0, 22, 0,-1
0, 364, 0,-1
0, 825, 2,-1
0, 315, 0,-1
0, 34, 0,-1
0, 900, 6,-1
0, 306, 0,-1
0, 118, 2,-1
0, 24, 0,-1
0, 113, 0,-1
0, 1339, 24,-1
0, 774, 4,-1
0, 534, 4,-1
0, 360, 0,-1
0, 61, 0,-1
0, 301, 0,-1
0, 38, 0,-1
0, 49, 0,-1
0, 26, 0,-1
0, 85, 0,-1
0, 359, 2,-1
0, 155, 0,-1
0, 31, 0,-1
0, 172, 2,-1
0, 152, 0,-1
0, 663, 5,-1
0, 22, 0,-1
0, 16, 0,-1
0, 22, 0,-1
0, 65, 0,-1
0, 22, 0,-1
0, 172, 1,-1
0, 52, 0,-1
0, 258, 1,-1
0, 331, 0,-1
0, 81, 0,-1
0, 90, 0,-1
0, 305, 3,-1
0, 388, 10,-1
0, 284, 3,-1
0, 52, 0,-1
0, 433, 7,-1
0, 1024, 7,-1
0, 10, 0,-1
0, 64, 0,-1
0, 628, 0,-1
0, 6, 0,-1
0, 58, 0,-1
0, 9, 0,-1
0, 17, 0,-1
0, 33, 0,-1
0, 15, 0,-1
0, 49, 0,-1
0, 33, 0,-1
0, 7, 0,-1
1, 106, 2,-1
0, 507, 2,-1
0, 189, 0,-1
0, 22, 0,-1
0, 78, 0,-1
0, 67, 0,-1
1, 146, 3,-1
0, 91, 1,-1
0, 41, 0,-1
0, 75, 0,-1
0, 165, 0,-1
0, 277, 1,-1
0, 323, 0,-1
0, 66, 0,-1
0, 223, 0,-1
0, 189, 0,-1
0, 48, 0,-1
0, 1244, 4,-1
0, 17, 0,-1
0, 183, 0,-1
0, 25, 0,-1
0, 341, 0,-1
0, 53, 0,-1
0, 78, 0,-1
0, 19, 0,-1
0, 27, 0,-1
0, 120, 0,-1
0, 560, 4,-1
0, 122, 0,-1
0, 275, 4,-1
0, 102, 0,-1
0, 732, 13,-1
0, 132, 2,-1
0, 234, 4,-1
0, 24, 0,-1
0, 40, 0,-1
0, 33, 0,-1
0, 405, 0,-1
0, 306, 1,-1
0, 1070, 8,-1
0, 67, 1,-1
0, 35, 0,-1
0, 168, 1,-1
0, 143, 0,-1
0, 739, 4,-1
0, 77, 0,-1
0, 90, 0,-1
0, 169, 0,-1
0, 67, 0,-1
0, 261, 0,-1
0, 777, 7,-1
0, 1894, 50,-1
0, 48, 0,-1
0, 22, 0,-1
0, 72, 2,-1
0, 102, 0,-1
0, 32, 0,-1
0, 3225, 10,-1
0, 21, 0,-1
0, 51, 0,-1
0, 107, 2,-1
1, 302, 6,-1
0, 78, 0,-1
0, 43, 0,-1
0, 402, 2,-1
0, 331, 2,-1
0, 64, 0,-1
0, 13, 0,-1
0, 424, 0,-1
0, 198, 0,-1
0, 320, 1,-1
0, 2117, 2,-1
0, 8, 0,-1
0, 59, 1,-1
0, 24, 0,-1
0, 91, 1,-1
0, 33, 0,-1
0, 372, 1,-1
0, 244, 0,-1
0, 85, 0,-1
0, 211, 2,-1
0, 325, 0,-1
0, 407, 3,-1
0, 22, 0,-1
0, 41, 0,-1
0, 109, 0,-1
0, 873, 0,-1
0, 40, 0,-1
0, 37, 0,-1
0, 117, 3,-1
0, 78, 0,-1
0, 124, 0,-1
0, 176, 2,-1
0, 29, 0,-1
0, 332, 1,-1
0, 93, 0,-1
0, 109, 0,-1
0, 542, 5,-1
0, 500, 0,-1
0, 132, 2,-1
0, 433, 1,-1
0, 337, 1,-1
0, 17, 0,-1
0, 39, 0,-1
1, 155, 8,-1
1, 310, 8,-1
0, 86, 2,-1
0, 115, 2,-1
0, 409, 10,-1
0, 21, 0,-1
0, 704, 2,-1
0, 503, 4,-1
0, 195, 1,-1
0, 22, 0,-1
0, 142, 1,-1
0, 137, 1,-1
0, 3317, 8,-1
0, 59, 2,-1
0, 181, 0,-1
0, 403, 1,-1
0, 65, 0,-1
0, 50, 1,-1
0, 282, 4,-1
0, 309, 1,-1
0, 561, 3,-1
0, 1639, 4,-1
0, 38, 0,-1
0, 118, 1,-1
0, 112, 1,-1
0, 282, 1,-1
0, 109, 0,-1
1, 144, 0,-1
0, 30, 0,-1
0, 264, 1,-1
0, 34, 0,-1
0, 124, 0,-1
0, 335, 0,-1
0, 433, 7,-1
0, 103, 0,-1
0, 11, 0,-1
0, 70, 0,-1
1, 97, 1,-1
0, 106, 3,-1
0, 82, 1,-1
0, 108, 0,-1
0, 18, 0,-1
0, 79, 0,-1
0, 37, 0,-1
0, 83, 0,-1
0, 56, 0,-1
0, 71, 0,-1
0, 302, 0,-1
0, 257, 1,-1
0, 1791, 3,-1
0, 154, 0,-1
0, 101, 0,-1
0, 149, 0,-1
0, 194, 1,-1
0, 101, 0,-1
0, 100, 0,-1
0, 3610, 40,-1
0, 273, 3,-1
0, 137, 1,-1
0, 948, 11,-1
0, 62, 0,-1
0, 34, 0,-1
0, 865, 2,-1
0, 703, 8,-1
0, 291, 0,-1
0, 124, 0,-1
0, 109, 0,-1
0, 138, 1,-1
0, 52, 0,-1
0, 505, 1,-1
0, 251, 1,-1
0, 33, 0,-1
0, 228, 1,-1
0, 97, 0,-1
0, 148, 0,-1
1, 240, 13,-1
0, 299, 2,-1
0, 69, 2,-1
0, 55, 0,-1
0, 79, 0,-1
0, 112, 0,-1
0, 8, 0,-1
0, 74, 0,-1
0, 354, 6,-1
0, 59, 0,-1
0, 327, 5,-1
1, 216, 4,-1
0, 28, 0,-1
0, 239, 0,-1
0, 293, 0,-1
0, 4, 0,-1
0, 667, 6,-1
1, 385, 7,-1
0, 435, 5,-1
0, 218, 1,-1
0, 729, 10,-1
0, 40, 0,-1
0, 278, 0,-1
0, 22, 0,-1
0, 239, 0,-1
0, 756, 2,-1
0, 24, 0,-1
0, 120, 0,-1
0, 65, 0,-1
0, 46, 0,-1
0, 48, 0,-1
0, 379, 0,-1
0, 62, 0,-1
0, 27, 0,-1
0, 49, 0,-1
0, 83, 0,-1
0, 532, 5,-1
0, 172, 0,-1
0, 278, 0,-1
0, 22, 0,-1
0, 1512, 8,-1
0, 328, 2,-1
0, 57, 0,-1
0, 49, 0,-1
0, 55, 0,-1
1, 426, 5,-1
0, 166, 0,-1
0, 26, 0,-1
0, 60, 0,-1
0, 137, 3,-1
0, 11, 0,-1
0, 148, 0,-1
0, 560, 3,-1
0, 115, 0,-1
0, 252, 1,-1
0, 286, 0,-1
0, 136, 1,-1
0, 243, 2,-1
0, 34, 0,-1
0, 122, 0,-1
0, 454, 0,-1
0, 493, 1,-1
0, 77, 0,-1
0, 25, 0,-1
0, 127, 2,-1
0, 271, 0,-1
0, 1280, 2,-1
0, 501, 2,-1
0, 22, 0,-1
1, 579, 4,-1
0, 55, 1,-1
0, 630, 3,-1
0, 15, 0,-1
0, 68, 0,-1
0, 283, 1,-1
0, 200, 0,-1
0, 265, 2,-1
0, 21, 0,-1
0, 10, 0,-1
0, 36, 0,-1
1, 508, 5,-1
0, 43, 0,-1
0, 343, 0,-1
0, 37, 1,-1
0, 34, 0,-1
0, 174, 1,-1
0, 90, 0,-1
0, 72, 0,-1
0, 18, 0,-1
0, 1072, 9,-1
0, 22, 0,-1
0, 149, 0,-1
0, 33, 0,-1
0, 24, 0,-1
0, 356, 2,-1
0, 778, 9,-1
0, 64, 0,-1
0, 8, 0,-1
0, 344, 2,-1
0, 277, 1,-1
0, 20, 0,-1
0, 25, 0,-1
0, 148, 0,-1
0, 187, 0,-1
0, 110, 0,-1
0, 234, 3,-1
0, 361, 2,-1
0, 160, 2,-1
0, 1462, 19,-1
0, 569, 5,-1
0, 127, 0,-1
0, 410, 1,-1
0, 56, 1,-1
0, 451, 1,-1
0, 63, 0,-1
0, 49, 0,-1
0, 27, 0,-1
0, 293, 2,-1
1, 55, 0,-1
0, 304, 0,-1
0, 41, 0,-1
0, 42, 1,-1
0, 975, 3,-1
0, 22, 0,-1
0, 305, 1,-1
0, 284, 1,-1
0, 145, 0,-1
0, 246, 0,-1
0, 108, 0,-1
0, 54, 0,-1
0, 22, 0,-1
0, 58, 2,-1
0, 139, 1,-1
0, 643, 0,-1
0, 22, 0,-1
0, 264, 2,-1
0, 129, 2,-1
0, 232, 2,-1
0, 116, 0,-1
0, 71, 0,-1
0, 42, 0,-1
0, 129, 0,-1
0, 24, 0,-1
0, 477, 1,-1
0, 654, 5,-1
0, 658, 6,-1
0, 389, 0,-1
0, 543, 3,-1
0, 200, 0,-1
0, 25, 0,-1
0, 22, 0,-1
0, 88, 0,-1
0, 93, 2,-1
0, 61, 1,-1
1, 310, 18,-1
1, 298, 13,-1
0, 39, 0,-1
0, 89, 0,-1
0, 164, 0,-1
0, 115, 0,-1
0, 206, 1,-1
0, 251, 1,-1
0, 99, 0,-1
0, 140, 2,-1
0, 552, 4,-1
0, 214, 0,-1
0, 126, 0,-1
0, 77, 0,-1
0, 44, 0,-1
0, 524, 7,-1
0, 157, 1,-1
0, 24, 0,-1
1, 142, 1,-1
0, 23, 0,-1
0, 774, 0,-1
0, 247, 0,-1
0, 77, 0,-1
0, 25, 0,-1
0, 455, 0,-1
0, 117, 1,-1
0, 357, 0,-1
0, 308, 1,-1
0, 109, 0,-1
0, 170, 1,-1
1, 351, 6,-1
0, 310, 0,-1
0, 2335, 1,-1
0, 86, 0,-1
0, 526, 1,-1
0, 37, 0,-1
0, 191, 1,-1
0, 275, 1,-1
0, 139, 0,-1
0, 24, 0,-1
0, 241, 0,-1
0, 745, 1,-1
0, 25, 0,-1
0, 184, 0,-1
0, 31, 0,-1
0, 144, 0,-1
0, 147, 2,-1
0, 144, 0,-1
0, 109, 0,-1
0, 97, 0,-1
0, 16, 0,-1
0, 247, 1,-1
0, 120, 1,-1
0, 40, 0,-1
0, 197, 0,-1
0, 110, 0,-1
0, 167, 0,-1
0, 34, 0,-1
0, 60, 0,-1
0, 32, 0,-1
0, 21, 0,-1
0, 22, 0,-1
0, 23, 0,-1
0, 573, 2,-1
0, 39, 0,-1
0, 414, 7,-1
0, 345, 1,-1
0, 117, 1,-1
0, 27, 0,-1
0, 269, 0,-1
0, 384, 9,-1
0, 286, 0,-1
0, 729, 2,-1
1, 336, 15,-1
0, 38, 0,-1
0, 235, 0,-1
0, 79, 1,-1
0, 57, 0,-1
1, 234, 0,-1
0, 657, 1,-1
0, 272, 1,-1
0, 93, 0,-1
0, 23, 0,-1
0, 678, 2,-1
0, 214, 0,-1
0, 27, 0,-1
0, 22, 0,-1
0, 477, 4,-1
0, 429, 2,-1
0, 48, 1,-1
0, 85, 0,-1
0, 188, 0,-1
0, 1196, 1,-1
0, 32, 0,-1
0, 58, 0,-1
1, 74, 4,-1
0, 78, 0,-1
0, 205, 3,-1
0, 721, 0,-1
0, 297, 1,-1
0, 170, 0,-1
0, 170, 0,-1
0, 250, 1,-1
0, 28, 0,-1
0, 25, 1,-1
0, 653, 10,-1
0, 84, 0,-1
0, 197, 0,-1
1, 350, 3,-1
0, 152, 0,-1
0, 720, 1,-1
0, 22, 0,-1
0, 67, 0,-1
0, 80, 0,-1
0, 323, 0,-1
0, 26, 0,-1
0, 98, 1,-1
0, 121, 1,-1
0, 214, 0,-1
0, 52, 0,-1
0, 65, 0,-1
0, 57, 0,-1
0, 25, 0,-1
0, 180, 1,-1
0, 34, 0,-1
0, 32, 0,-1
0, 16, 0,-1
0, 76, 1,-1
0, 247, 0,-1
0, 471, 5,-1
0, 441, 1,-1
0, 65, 0,-1
0, 364, 6,-1
0, 16, 0,-1
0, 12, 0,-1
0, 230, 2,-1
0, 100, 0,-1
0, 169, 0,-1
0, 239, 0,-1
0, 1011, 1,-1
0, 89, 2,-1
0, 22, 0,-1
0, 109, 0,-1
0, 24, 0,-1
0, 1047, 2,-1
0, 57, 0,-1
0, 100, 0,-1
2, 170, 8,-1
0, 436, 0,-1
0, 78, 0,-1
0, 22, 0,-1
0, 55, 0,-1
0, 19, 0,-1
0, 776, 4,-1
0, 151, 3,-1
0, 249, 0,-1
0, 37, 0,-1
0, 51, 0,-1
0, 196, 0,-1
0, 96, 1,-1
0, 42, 0,-1
0, 502, 0,-1
0, 26, 0,-1
0, 41, 0,-1
0, 2, 0,-1
0, 64, 2,-1
0, 34, 0,-1
0, 189, 1,-1
0, 411, 0,-1
0, 587, 0,-1
0, 73, 0,-1
0, 40, 0,-1
0, 56, 1,-1
0, 583, 3,-1
0, 78, 0,-1
0, 186, 3,-1
0, 9, 0,-1
0, 647, 0,-1
0, 254, 2,-1
0, 284, 1,-1
0, 49, 1,-1
0, 328, 0,-1
0, 18, 0,-1
0, 152, 3,-1
0, 26, 0,-1
0, 243, 1,-1
0, 141, 0,-1
0, 119, 0,-1
0, 237, 0,-1
0, 309, 0,-1
0, 146, 0,-1
0, 60, 0,-1
0, 60, 1,-1
0, 179, 1,-1
0, 40, 0,-1
0, 140, 1,-1
0, 33, 0,-1
0, 154, 0,-1
0, 107, 0,-1
0, 576, 4,-1
0, 433, 2,-1
0, 820, 1,-1
0, 222, 0,-1
1, 348, 7,-1
0, 23, 0,-1
0, 305, 2,-1
0, 187, 0,-1
0, 49, 0,-1
0, 190, 2,-1
0, 490, 7,-1
0, 64, 1,-1
0, 381, 1,-1
0, 163, 1,-1
0, 721, 2,-1
0, 123, 0,-1
0, 41, 0,-1
0, 91, 0,-1
0, 228, 5,-1
0, 355, 6,-1
0, 197, 1,-1
0, 384, 0,-1
0, 15, 0,-1
0, 341, 2,-1
0, 106, 0,-1
0, 32, 1,-1
0, 721, 0,-1
0, 60, 1,-1
0, 411, 6,-1
0, 812, 3,-1
0, 505, 4,-1
0, 86, 0,-1
0, 40, 0,-1
0, 909, 1,-1
0, 395, 2,-1
0, 516, 3,-1
0, 449, 0,-1
0, 69, 1,-1
0, 23, 0,-1
0, 78, 0,-1
0, 74, 0,-1
0, 98, 4,-1
0, 39, 0,-1
0, 130, 0,-1
0, 169, 1,-1
0, 186, 1,-1
0, 328, 3,-1
0, 62, 1,-1
0, 634, 4,-1
0, 22, 0,-1
1, 614, 5,-1
0, 22, 0,-1
0, 160, 2,-1
0, 17, 0,-1
0, 393, 0,-1
0, 304, 0,-1
0, 33, 0,-1
0, 260, 2,-1
0, 373, 1,-1
0, 180, 2,-1
0, 65, 1,-1
0, 84, 0,-1
0, 448, 4,-1
0, 49, 0,-1
0, 28, 0,-1
0, 66, 0,-1
0, 22, 0,-1
0, 112, 0,-1
0, 117, 0,-1
0, 15, 0,-1
0, 119, 0,-1
0, 22, 0,-1
0, 33, 0,-1
0, 61, 0,-1
0, 22, 0,-1
0, 591, 1,-1
0, 58, 0,-1
0, 40, 0,-1
0, 524, 3,-1
0, 231, 0,-1
0, 137, 0,-1
0, 28, 0,-1
0, 24, 0,-1
0, 171, 2,-1
0, 64, 0,-1
0, 218, 1,-1
1, 452, 11,-1
0, 14, 0,-1
0, 90, 0,-1
0, 1371, 13,-1
0, 84, 1,-1
0, 71, 0,-1
0, 1477, 7,-1
0, 126, 1,-1
0, 272, 0,-1
0, 77, 0,-1
0, 690, 0,-1
0, 132, 0,-1
0, 1053, 8,-1
0, 206, 2,-1
0, 107, 0,-1
0, 144, 5,-1
0, 321, 0,-1
0, 32, 0,-1
0, 26, 0,-1
0, 192, 0,-1
1, 28, 1,-1
0, 146, 1,-1
0, 17, 0,-1
0, 449, 2,-1
0, 408, 3,-1
0, 271, 1,-1
0, 188, 0,-1
0, 325, 1,-1
0, 191, 5,-1
0, 16, 0,-1
0, 41, 0,-1
0, 799, 3,-1
0, 135, 0,-1
0, 70, 0,-1
0, 148, 0,-1
0, 136, 0,-1
0, 100, 0,-1
0, 466, 2,-1
0, 6, 0,-1
0, 266, 0,-1
0, 112, 1,-1
0, 33, 0,-1
0, 364, 6,-1
0, 600, 2,-1
0, 1270, 8,-1
0, 69, 0,-1
1, 674, 4,-1
0, 81, 0,-1
0, 162, 0,-1
0, 68, 0,-1
0, 31, 0,-1
0, 29, 0,-1
0, 31, 0,-1
0, 25, 0,-1
0, 210, 2,-1
0, 248, 6,-1
0, 38, 0,-1
0, 200, 0,-1
0, 17, 0,-1
0, 678, 1,-1
0, 22, 0,-1
0, 148, 1,-1
0, 62, 0,-1
0, 34, 0,-1
0, 482, 1,-1
0, 1, 0,-1
0, 24, 0,-1
0, 306, 1,-1
0, 291, 0,-1
0, 375, 0,-1
0, 47, 1,-1
0, 110, 0,-1
0, 119, 1,-1
0, 66, 0,-1
0, 292, 4,-1
0, 238, 0,-1
0, 582, 2,-1
0, 63, 0,-1
0, 138, 0,-1
0, 324, 2,-1
1, 12, 0,-1
0, 292, 0,-1
0, 123, 0,-1
0, 194, 0,-1
0, 277, 1,-1
0, 140, 0,-1
0, 119, 0,-1
0, 323, 1,-1
0, 179, 0,-1
0, 139, 0,-1
0, 109, 0,-1
0, 24, 0,-1
0, 48, 0,-1
0, 169, 1,-1
0, 169, 0,-1
0, 9, 0,-1
0, 129, 2,-1
0, 144, 0,-1
0, 336, 2,-1
0, 11, 0,-1
1, 139, 1,-1
0, 169, 0,-1
0, 399, 3,-1
0, 19, 0,-1
0, 15, 0,-1
0, 336, 0,-1
0, 193, 2,-1
0, 512, 1,-1
0, 24, 0,-1
0, 65, 0,-1
0, 156, 1,-1
0, 11, 0,-1
0, 273, 0,-1
0, 243, 1,-1
0, 22, 0,-1
0, 74, 2,-1
0, 40, 2,-1
0, 11, 0,-1
0, 174, 1,-1
0, 42, 1,-1
0, 213, 0,-1
0, 60, 0,-1
0, 773, 1,-1
0, 174, 0,-1
0, 48, 0,-1
0, 22, 0,-1
0, 194, 0,-1
0, 635, 2,-1
0, 40, 0,-1
0, 634, 0,-1
0, 48, 0,-1
0, 30, 0,-1
0, 614, 2,-1
0, 189, 0,-1
0, 125, 0,-1
0, 72, 2,-1
0, 231, 0,-1
0, 108, 1,-1
0, 141, 0,-1
0, 24, 0,-1
0, 32, 0,-1
0, 165, 0,-1
0, 280, 1,-1
0, 784, 11,-1
0, 22, 0,-1
0, 81, 0,-1
0, 24, 0,-1
0, 101, 0,-1
0, 142, 0,-1
0, 705, 3,-1
0, 159, 0,-1
0, 275, 0,-1
0, 135, 1,-1
0, 22, 0,-1
0, 149, 0,-1
0, 81, 0,-1
0, 401, 2,-1
0, 39, 0,-1
0, 710, 5,-1
0, 172, 0,-1
0, 75, 0,-1
0, 73, 0,-1
0, 218, 2,-1
0, 651, 1,-1
0, 119, 0,-1
0, 143, 2,-1
0, 602, 2,-1
0, 117, 0,-1
0, 649, 0,-1
0, 365, 1,-1
0, 49, 1,-1
0, 360, 4,-1
0, 853, 2,-1
0, 53, 0,-1
0, 22, 0,-1
0, 240, 1,-1
0, 379, 5,-1
0, 24, 0,-1
1, 733, 12,-1
0, 412, 1,-1
0, 257, 1,-1
0, 286, 0,-1
0, 22, 0,-1
0, 97, 0,-1
0, 367, 0,-1
0, 588, 7,-1
0, 21, 0,-1
0, 1072, 2,-1
0, 125, 0,-1
0, 99, 1,-1
0, 65, 0,-1
0, 82, 0,-1
0, 98, 0,-1
0, 32, 0,-1
0, 108, 0,-1
0, 26, 0,-1
0, 378, 3,-1
0, 877, 8,-1
0, 326, 1,-1
0, 19, 0,-1
0, 101, 0,-1
0, 142, 1,-1
0, 830, 4,-1
0, 59, 0,-1
0, 264, 1,-1
0, 159, 0,-1
0, 265, 0,-1
0, 367, 1,-1
0, 166, 1,-1
0, 22, 0,-1
0, 235, 0,-1
0, 76, 0,-1
0, 785, 4,-1
1, 67, 0,-1
0, 22, 0,-1
0, 49, 0,-1
0, 727, 1,-1
0, 248, 1,-1
0, 573, 2,-1
0, 66, 0,-1
0, 429, 2,-1
0, 61, 0,-1
0, 40, 1,-1
0, 78, 0,-1
0, 25, 0,-1
0, 189, 0,-1
0, 34, 0,-1
0, 208, 0,-1
0, 132, 1,-1
0, 130, 0,-1
0, 46, 2,-1
0, 38, 0,-1
0, 40, 0,-1
0, 22, 0,-1
0, 97, 0,-1
0, 821, 6,-1
0, 474, 3,-1
0, 55, 0,-1
0, 24, 0,-1
0, 179, 1,-1
0, 531, 0,-1
0, 365, 2,-1
0, 133, 0,-1
0, 33, 0,-1
0, 388, 0,-1
0, 305, 0,-1
0, 175, 0,-1
0, 280, 10,-1
0, 175, 0,-1
0, 442, 0,-1
0, 120, 0,-1
0, 279, 1,-1
0, 23, 0,-1
0, 1588, 5,-1
0, 191, 0,-1
0, 28, 0,-1
0, 119, 0,-1
0, 44, 0,-1
0, 32, 0,-1
0, 45, 0,-1
0, 201, 4,-1
0, 24, 0,-1
0, 452, 0,-1
0, 200, 0,-1
0, 363, 1,-1
0, 71, 0,-1
0, 168, 0,-1
0, 111, 0,-1
0, 283, 0,-1
0, 64, 0,-1
0, 261, 0,-1
0, 152, 0,-1
0, 147, 0,-1
0, 671, 2,-1
0, 665, 1,-1
0, 123, 0,-1
0, 315, 0,-1
0, 167, 0,-1
0, 348, 2,-1
0, 10, 0,-1
1, 108, 4,-1
0, 298, 2,-1
0, 411, 0,-1
0, 22, 0,-1
0, 22, 0,-1
0, 547, 3,-1
0, 85, 0,-1
0, 344, 0,-1
0, 89, 0,-1
0, 278, 0,-1
0, 364, 0,-1
0, 58, 0,-1
0, 245, 0,-1
0, 75, 2,-1
0, 22, 0,-1
0, 164, 2,-1
0, 88, 0,-1
0, 298, 0,-1
0, 91, 0,-1
0, 49, 1,-1
0, 10, 0,-1
0, 169, 0,-1
0, 46, 1,-1
0, 130, 0,-1
0, 165, 0,-1
0, 161, 1,-1
0, 59, 0,-1
0, 52, 0,-1
0, 23, 0,-1
0, 280, 2,-1
0, 35, 0,-1
0, 163, 0,-1
0, 69, 1,-1
0, 152, 1,-1
0, 348, 0,-1
0, 45, 0,-1
0, 38, 0,-1
0, 1056, 10,-1
0, 197, 1,-1
0, 132, 2,-1
0, 35, 0,-1
0, 825, 3,-1
0, 287, 2,-1
0, 188, 0,-1
0, 232, 0,-1
0, 24, 0,-1
0, 65, 0,-1
0, 73, 0,-1
0, 38, 1,-1
0, 84, 0,-1
0, 195, 1,-1
0, 169, 3,-1
0, 74, 0,-1
0, 59, 0,-1
0, 1384, 6,-1
0, 165, 0,-1
0, 29, 0,-1
0, 114, 0,-1
0, 39, 0,-1
0, 366, 1,-1
0, 210, 1,-1
0, 239, 5,-1
0, 44, 0,-1
0, 94, 1,-1
0, 387, 0,-1
0, 104, 0,-1
0, 110, 0,-1
0, 298, 1,-1
0, 62, 0,-1
0, 23, 0,-1
0, 105, 0,-1
0, 295, 1,-1
0, 78, 0,-1
0, 22, 0,-1
0, 22, 0,-1
0, 760, 6,-1
0, 22, 0,-1
0, 108, 2,-1
0, 13, 0,-1
0, 73, 0,-1
0, 87, 2,-1
0, 167, 3,-1
0, 494, 7,-1
0, 22, 0,-1
0, 22, 0,-1
0, 43, 0,-1
0, 23, 0,-1
0, 231, 1,-1
0, 18, 0,-1
0, 31, 0,-1
0, 350, 1,-1
0, 34, 0,-1
0, 40, 0,-1
0, 28, 1,-1
0, 83, 2,-1
0, 58, 0,-1
0, 58, 0,-1
0, 194, 0,-1
0, 54, 0,-1
0, 54, 0,-1
0, 182, 0,-1
0, 50, 0,-1
0, 386, 0,-1
1, 50, 2,-1
0, 429, 0,-1
0, 558, 2,-1
0, 125, 0,-1
0, 34, 0,-1
0, 378, 3,-1
0, 40, 0,-1
0, 22, 0,-1
0, 38, 0,-1
0, 590, 5,-1
0, 311, 0,-1
0, 45, 0,-1
0, 214, 0,-1
0, 180, 5,-1
0, 49, 0,-1
0, 25, 0,-1
0, 22, 0,-1
0, 22, 0,-1
0, 506, 0,-1
0, 126, 0,-1
0, 93, 0,-1
0, 90, 0,-1
0, 90, 0,-1
0, 90, 1,-1
0, 36, 0,-1
0, 124, 0,-1
0, 50, 1,-1
0, 170, 0,-1
0, 72, 0,-1
0, 150, 0,-1
0, 197, 0,-1
0, 119, 0,-1
0, 213, 1,-1
0, 133, 1,-1
0, 29, 0,-1
0, 51, 0,-1
0, 26, 0,-1
0, 75, 1,-1
0, 57, 0,-1
1, 16, 0,-1
0, 120, 0,-1
0, 375, 1,-1
0, 731, 2,-1
0, 304, 6,-1
0, 24, 1,-1
0, 399, 2,-1
0, 395, 3,-1
0, 43, 0,-1
0, 29, 1,-1
0, 197, 0,-1
0, 109, 0,-1
0, 28, 0,-1
0, 94, 0,-1
0, 187, 0,-1
0, 431, 0,-1
0, 15, 0,-1
0, 151, 4,-1
0, 22, 0,-1
0, 196, 0,-1
0, 40, 0,-1
0, 40, 0,-1
0, 110, 1,-1
1, 74, 0,-1
0, 21, 0,-1
0, 551, 2,-1
0, 102, 0,-1
0, 67, 0,-1
0, 52, 0,-1
0, 22, 0,-1
0, 290, 5,-1
0, 351, 1,-1
0, 53, 0,-1
0, 150, 0,-1
0, 104, 0,-1
0, 320, 1,-1
0, 117, 0,-1
0, 85, 1,-1
0, 42, 0,-1
0, 331, 0,-1
0, 12, 0,-1
0, 38, 0,-1
0, 932, 0,-1
0, 206, 0,-1
0, 343, 0,-1
0, 185, 0,-1
0, 457, 6,-1
0, 71, 0,-1
0, 134, 0,-1
0, 29, 0,-1
0, 42, 0,-1
0, 75, 0,-1
0, 562, 1,-1
0, 27, 0,-1
0, 79, 0,-1
0, 391, 0,-1
0, 228, 3,-1
0, 51, 0,-1
0, 75, 0,-1
0, 312, 1,-1
0, 312, 0,-1
0, 453, 0,-1
0, 34, 0,-1
0, 108, 0,-1
0, 433, 1,-1
0, 269, 0,-1
0, 50, 2,-1
0, 94, 0,-1
0, 362, 1,-1
0, 602, 12,-1
0, 71, 0,-1
0, 11, 0,-1
0, 100, 0,-1
0, 193, 0,-1
0, 239, 0,-1
0, 103, 1,-1
1, 46, 0,-1
0, 376, 2,-1
0, 264, 0,-1
0, 162, 3,-1
0, 22, 0,-1
0, 87, 0,-1
0, 817, 5,-1
0, 54, 0,-1
0, 308, 0,-1
0, 476, 5,-1
0, 56, 0,-1
0, 172, 0,-1
0, 129, 0,-1
0, 22, 0,-1
0, 126, 0,-1
0, 121, 0,-1
0, 112, 0,-1
0, 24, 0,-1
0, 55, 1,-1
0, 139, 0,-1
0, 92, 0,-1
0, 111, 0,-1
1, 6, 0,-1
0, 408, 0,-1
0, 307, 0,-1
0, 20, 0,-1
0, 238, 0,-1
0, 46, 1,-1
0, 59, 0,-1
0, 68, 0,-1
0, 53, 0,-1
0, 1907, 2,-1
0, 41, 0,-1
0, 112, 0,-1
0, 228, 0,-1
0, 138, 1,-1
0, 278, 2,-1
0, 144, 0,-1
0, 24, 0,-1
0, 154, 0,-1
0, 29, 0,-1
0, 110, 0,-1
0, 248, 1,-1
0, 22, 0,-1
0, 32, 0,-1
0, 198, 0,-1
0, 79, 0,-1
0, 12, 0,-1
0, 811, 0,-1
0, 370, 8,-1
0, 305, 1,-1
0, 78, 0,-1
0, 108, 0,-1
0, 118, 0,-1
0, 15, 0,-1
0, 135, 1,-1
0, 234, 4,-1
0, 470, 2,-1
0, 373, 0,-1
0, 400, 0,-1
0, 77, 0,-1
0, 266, 3,-1
0, 45, 0,-1
0, 54, 0,-1
0, 672, 1,-1
0, 594, 0,-1
0, 21, 0,-1
0, 680, 0,-1
0, 107, 0,-1
0, 175, 1,-1
0, 74, 0,-1
0, 19, 0,-1
0, 53, 1,-1
0, 52, 0,-1
0, 202, 0,-1
0, 106, 1,-1
0, 558, 0,-1
0, 633, 6,-1
0, 106, 0,-1
0, 100, 0,-1
0, 22, 0,-1
0, 122, 1,-1
0, 22, 0,-1
0, 253, 0,-1
0, 28, 0,-1
0, 275, 0,-1
0, 605, 3,-1
0, 24, 0,-1
0, 298, 0,-1
0, 136, 4,-1
0, 158, 0,-1
0, 37, 0,-1
0, 84, 0,-1
0, 124, 0,-1
0, 119, 0,-1
0, 63, 0,-1
0, 25, 0,-1
0, 22, 0,-1
0, 191, 0,-1
0, 29, 0,-1
0, 8, 0,-1
0, 355, 4,-1
0, 140, 0,-1
1, 149, 1,-1
0, 109, 0,-1
0, 65, 0,-1
0, 145, 0,-1
0, 51, 0,-1
0, 131, 4,-1
1, 566, 4,-1
0, 200, 0,-1
0, 600, 2,-1
0, 69, 0,-1
0, 120, 0,-1
0, 481, 2,-1
0, 458, 2,-1
0, 44, 0,-1
0, 57, 0,-1
0, 16, 0,-1
0, 144, 0,-1
0, 36, 0,-1
0, 550, 5,-1
0, 90, 0,-1
0, 624, 5,-1
0, 142, 0,-1
0, 23, 0,-1
0, 314, 1,-1
0, 1021, 4,-1
0, 317, 1,-1
0, 157, 0,-1
0, 33, 0,-1
0, 30, 0,-1
0, 410, 0,-1
0, 64, 0,-1
0, 175, 0,-1
0, 247, 0,-1
0, 373, 0,-1
1, 57, 0,-1
0, 23, 0,-1
1, 180, 3,-1
0, 919, 1,-1
0, 314, 5,-1
0, 46, 0,-1
0, 26, 0,-1
0, 285, 0,-1
0, 186, 0,-1
0, 24, 0,-1
0, 33, 0,-1
0, 289, 1,-1
0, 120, 1,-1
1, 557, 22,-1
0, 151, 0,-1
0, 53, 0,-1
0, 253, 0,-1
1, 57, 0,-1
0, 187, 0,-1
0, 109, 0,-1
0, 599, 5,-1
0, 82, 1,-1
0, 227, 0,-1
0, 129, 0,-1
0, 485, 0,-1
0, 82, 0,-1
0, 410, 0,-1
0, 202, 0,-1
0, 64, 0,-1
0, 49, 0,-1
0, 472, 5,-1
0, 22, 0,-1
0, 79, 0,-1
0, 62, 0,-1
0, 15, 0,-1
1, 67, 2,-1
0, 151, 1,-1
0, 91, 0,-1
0, 60, 0,-1
0, 22, 0,-1
0, 170, 1,-1
0, 166, 1,-1
0, 665, 7,-1
0, 1119, 2,-1
0, 46, 0,-1
0, 52, 0,-1
0, 116, 0,-1
0, 145, 1,-1
0, 153, 1,-1
0, 159, 0,-1
0, 169, 1,-1
0, 125, 0,-1
0, 253, 0,-1
0, 74, 0,-1
0, 494, 1,-1
0, 100, 0,-1
0, 540, 3,-1
0, 902, 0,-1
0, 22, 0,-1
0, 277, 0,-1
0, 21, 0,-1
0, 36, 0,-1
0, 174, 0,-1
0, 620, 3,-1
0, 25, 0,-1
0, 78, 0,-1
0, 188, 1,-1
0, 309, 0,-1
0, 50, 0,-1
0, 114, 0,-1
0, 326, 0,-1
0, 56, 0,-1
0, 50, 1,-1
0, 26, 0,-1
0, 23, 0,-1
0, 84, 0,-1
0, 58, 0,-1
0, 336, 5,-1
0, 391, 1,-1
0, 138, 0,-1
0, 379, 2,-1
0, 105, 0,-1
0, 1218, 10,-1
0, 55, 0,-1
0, 60, 0,-1
0, 645, 2,-1
0, 183, 0,-1
0, 89, 0,-1
0, 542, 1,-1
0, 336, 2,-1
0, 22, 0,-1
0, 2029, 2,-1
0, 286, 0,-1
0, 205, 0,-1
0, 138, 0,-1
0, 58, 0,-1
0, 104, 0,-1
0, 59, 0,-1
0, 92, 0,-1
0, 319, 3,-1
0, 235, 0,-1
0, 183, 0,-1
0, 21, 0,-1
1, 119, 5,-1
0, 48, 0,-1
0, 293, 2,-1
0, 200, 0,-1
0, 543, 0,-1
0, 24, 0,-1
0, 341, 3,-1
0, 140, 0,-1
1, 119, 7,-1
0, 305, 3,-1
0, 98, 1,-1
0, 212, 1,-1
0, 120, 2,-1
0, 1681, 10,-1
0, 22, 0,-1
0, 145, 0,-1
0, 493, 0,-1
0, 605, 3,-1
0, 252, 0,-1
0, 184, 0,-1
0, 122, 0,-1
0, 51, 0,-1
0, 186, 1,-1
0, 92, 0,-1
0, 369, 1,-1
0, 97, 0,-1
0, 57, 0,-1
0, 220, 0,-1
0, 25, 0,-1
0, 66, 0,-1
0, 438, 0,-1
0, 245, 0,-1
0, 134, 0,-1
0, 147, 0,-1
0, 58, 0,-1
0, 209, 0,-1
0, 223, 0,-1
0, 14, 0,-1
0, 25, 0,-1
0, 542, 3,-1
0, 53, 0,-1
0, 94, 2,-1
0, 181, 1,-1
0, 72, 0,-1
0, 156, 2,-1
0, 106, 0,-1
0, 22, 0,-1
0, 354, 0,-1
0, 75, 0,-1
0, 16, 0,-1
0, 97, 0,-1
0, 68, 1,-1
0, 97, 1,-1
0, 79, 0,-1
0, 49, 0,-1
0, 220, 3,-1
0, 20, 0,-1
0, 428, 3,-1
0, 84, 1,-1
0, 823, 1,-1
0, 100, 0,-1
0, 646, 5,-1
0, 143, 0,-1
0, 29, 0,-1
0, 41, 0,-1
0, 22, 0,-1
0, 49, 1,-1
1, 107, 4,-1
0, 130, 0,-1
0, 312, 15,-1
0, 94, 0,-1
0, 34, 0,-1
0, 109, 0,-1
0, 101, 0,-1
0, 154, 0,-1
0, 19, 0,-1
0, 47, 0,-1
0, 61, 0,-1
1, 310, 10,-1
0, 22, 0,-1
0, 48, 0,-1
0, 296, 6,-1
0, 247, 0,-1
0, 18, 0,-1
0, 914, 14,-1
0, 109, 0,-1
0, 214, 5,-1
0, 482, 1,-1
0, 291, 0,-1
0, 778, 2,-1
0, 100, 1,-1
0, 507, 1,-1
0, 551, 6,-1
0, 60, 0,-1
0, 135, 0,-1
0, 577, 0,-1
0, 785, 4,-1
0, 339, 3,-1
0, 22, 0,-1
0, 71, 1,-1
0, 287, 0,-1
0, 11, 0,-1
0, 61, 0,-1
0, 33, 0,-1
0, 398, 0,-1
0, 307, 0,-1
0, 292, 0,-1
0, 94, 0,-1
0, 22, 0,-1
0, 144, 0,-1
0, 28, 0,-1
0, 109, 0,-1
0, 528, 0,-1
0, 495, 0,-1
0, 181, 3,-1
0, 394, 1,-1
0, 93, 0,-1
0, 152, 0,-1
0, 46, 0,-1
0, 306, 0,-1
0, 149, 0,-1
0, 321, 2,-1
0, 187, 1,-1
0, 550, 2,-1
0, 230, 1,-1
0, 818, 4,-1
0, 65, 0,-1
0, 52, 1,-1
0, 113, 1,-1
0, 119, 0,-1
0, 424, 0,-1
0, 1051, 4,-1
0, 231, 0,-1
0, 54, 0,-1
1, 279, 4,-1
0, 109, 0,-1
0, 100, 0,-1
1, 221, 6,-1
0, 11, 0,-1
0, 29, 0,-1
0, 298, 2,-1
0, 359, 0,-1
0, 109, 0,-1
0, 257, 0,-1
0, 98, 0,-1
0, 112, 0,-1
0, 1145, 13,-1
0, 1143, 5,-1
0, 74, 0,-1
0, 147, 0,-1
0, 425, 7,-1
0, 188, 0,-1
0, 104, 0,-1
0, 355, 0,-1
0, 334, 0,-1
0, 297, 1,-1
0, 179, 4,-1
0, 201, 0,-1
0, 112, 0,-1
0, 32, 0,-1
0, 22, 0,-1
0, 244, 0,-1
0, 30, 0,-1
0, 109, 1,-1
0, 519, 2,-1
0, 419, 1,-1
0, 149, 1,-1
0, 142, 0,-1
0, 22, 0,-1
0, 229, 0,-1
0, 119, 2,-1
0, 22, 0,-1
0, 171, 1,-1
0, 127, 0,-1
0, 289, 0,-1
1, 225, 4,-1
0, 62, 0,-1
0, 94, 0,-1
0, 84, 1,-1
0, 22, 0,-1
0, 214, 0,-1
0, 99, 0,-1
0, 646, 1,-1
0, 197, 0,-1
0, 441, 5,-1
0, 211, 2,-1
0, 494, 0,-1
0, 49, 1,-1
0, 340, 0,-1
0, 23, 0,-1
0, 22, 0,-1
0, 365, 1,-1
0, 44, 0,-1
0, 422, 2,-1
0, 209, 0,-1
0, 195, 0,-1
0, 22, 0,-1
0, 54, 1,-1
0, 263, 1,-1
0, 219, 0,-1
0, 429, 0,-1
0, 497, 1,-1
0, 53, 1,-1
0, 22, 0,-1
0, 201, 0,-1
0, 48, 0,-1
0, 94, 0,-1
0, 128, 0,-1
0, 187, 1,-1
0, 122, 0,-1
0, 117, 0,-1
0, 62, 0,-1
0, 250, 5,-1
0, 276, 1,-1
0, 117, 1,-1
0, 16, 0,-1
0, 151, 0,-1
0, 49, 0,-1
0, 209, 0,-1
0, 111, 0,-1
0, 85, 0,-1
0, 334, 3,-1
0, 35, 0,-1
0, 24, 0,-1
0, 13, 0,-1
0, 755, 1,-1
0, 582, 4,-1
0, 398, 0,-1
0, 92, 3,-1
0, 291, 2,-1
0, 22, 0,-1
0, 1137, 5,-1
1, 223, 10,-1
0, 214, 0,-1
0, 90, 0,-1
0, 71, 0,-1
0, 87, 0,-1
0, 27, 0,-1
0, 35, 0,-1
0, 47, 0,-1
0, 290, 2,-1
1, 50, 0,-1
0, 133, 0,-1
0, 708, 6,-1
0, 577, 3,-1
0, 23, 0,-1
0, 32, 0,-1
0, 1171, 23,-1
0, 187, 1,-1
0, 25, 0,-1
0, 218, 0,-1
0, 380, 3,-1
0, 30, 0,-1
0, 48, 0,-1
0, 315, 1,-1
0, 105, 0,-1
0, 63, 0,-1
0, 129, 0,-1
0, 28, 0,-1
0, 88, 0,-1
0, 124, 0,-1
0, 46, 0,-1
0, 56, 1,-1
0, 147, 1,-1
1, 192, 5,-1
0, 144, 0,-1
0, 190, 1,-1
0, 104, 0,-1
0, 100, 1,-1
0, 51, 0,-1
0, 47, 0,-1
0, 342, 0,-1
0, 61, 0,-1
0, 55, 0,-1
0, 53, 0,-1
0, 507, 4,-1
0, 29, 0,-1
0, 182, 0,-1
0, 110, 2,-1
0, 1170, 7,-1
0, 22, 0,-1
0, 5, 0,-1
0, 451, 2,-1
0, 32, 0,-1
0, 267, 3,-1
0, 22, 0,-1
0, 389, 2,-1
0, 145, 1,-1
0, 942, 4,-1
0, 318, 2,-1
0, 357, 2,-1
0, 377, 3,-1
0, 128, 1,-1
0, 11, 0,-1
0, 293, 0,-1
0, 121, 0,-1
0, 229, 0,-1
0, 254, 2,-1
0, 19, 0,-1
0, 48, 0,-1
0, 109, 0,-1
0, 1146, 6,-1
0, 2286, 9,-1
0, 351, 2,-1
0, 32, 0,-1
0, 123, 0,-1
0, 250, 0,-1
0, 23, 0,-1
0, 26, 1,-1
0, 246, 0,-1
0, 587, 5,-1
0, 236, 0,-1
0, 18, 0,-1
0, 73, 0,-1
0, 388, 3,-1
0, 11, 0,-1
0, 949, 5,-1
0, 159, 0,-1
0, 153, 0,-1
0, 630, 3,-1
0, 470, 2,-1
1, 111, 0,-1
0, 49, 0,-1
0, 375, 1,-1
0, 1577, 2,-1
0, 307, 1,-1
0, 22, 0,-1
1, 81, 1,-1
0, 106, 0,-1
0, 24, 0,-1
0, 277, 1,-1
0, 16, 0,-1
0, 22, 0,-1
0, 182, 0,-1
0, 77, 0,-1
0, 40, 0,-1
0, 421, 3,-1
0, 474, 18,-1
0, 219, 0,-1
0, 408, 0,-1
0, 337, 1,-1
0, 80, 0,-1
0, 29, 0,-1
0, 66, 0,-1
0, 173, 0,-1
0, 386, 1,-1
0, 154, 0,-1
0, 551, 2,-1
0, 55, 0,-1
0, 235, 2,-1
0, 345, 6,-1
0, 1017, 4,-1
0, 107, 0,-1
0, 111, 0,-1
0, 57, 1,-1
0, 58, 0,-1
0, 92, 1,-1
0, 83, 2,-1
0, 250, 1,-1
0, 240, 1,-1
0, 102, 0,-1
0, 128, 1,-1
0, 14, 0,-1
0, 198, 0,-1
0, 184, 0,-1
0, 73, 1,-1
0, 843, 3,-1
0, 170, 2,-1
1, 208, 6,-1
0, 55, 0,-1
0, 273, 5,-1
0, 144, 0,-1
0, 181, 4,-1
0, 57, 2,-1
0, 370, 0,-1
0, 669, 1,-1
1, 79, 3,-1
0, 22, 0,-1
0, 479, 5,-1
0, 396, 0,-1
0, 62, 0,-1
0, 374, 0,-1
0, 148, 0,-1
0, 84, 0,-1
0, 54, 0,-1
0, 339, 3,-1
0, 210, 2,-1
0, 109, 0,-1
0, 205, 1,-1
0, 93, 1,-1
0, 111, 0,-1
0, 500, 4,-1
0, 254, 0,-1
0, 448, 0,-1
0, 22, 0,-1
0, 59, 0,-1
0, 76, 1,-1
0, 96, 0,-1
0, 66, 0,-1
0, 281, 0,-1
0, 263, 1,-1
0, 33, 0,-1
0, 68, 2,-1
0, 42, 1,-1
0, 690, 1,-1
0, 40, 0,-1
0, 93, 2,-1
0, 142, 0,-1
0, 50, 0,-1
0, 243, 1,-1
0, 27, 0,-1
0, 23, 0,-1
0, 316, 0,-1
0, 1076, 37,-1
0, 61, 1,-1
0, 336, 3,-1
0, 353, 0,-1
0, 440, 6,-1
0, 470, 1,-1
0, 124, 0,-1
0, 141, 0,-1
0, 28, 0,-1
0, 127, 1,-1
0, 8, 1,-1
0, 25, 0,-1
0, 342, 3,-1
0, 95, 0,-1
0, 288, 0,-1
0, 135, 0,-1
0, 18, 0,-1
0, 22, 0,-1
0, 61, 0,-1
0, 82, 0,-1
0, 203, 4,-1
0, 47, 0,-1
0, 666, 1,-1
0, 15, 0,-1
0, 22, 0,-1
0, 140, 0,-1
0, 208, 3,-1
0, 133, 0,-1
0, 22, 0,-1
0, 59, 1,-1
0, 27, 0,-1
0, 147, 1,-1
0, 189, 0,-1
0, 48, 0,-1
0, 283, 1,-1
0, 385, 0,-1
0, 70, 0,-1
0, 755, 3,-1
1, 187, 2,-1
0, 656, 2,-1
0, 120, 0,-1
0, 102, 0,-1
0, 52, 2,-1
0, 46, 0,-1
0, 191, 0,-1
0, 1418, 4,-1
0, 460, 2,-1
0, 31, 0,-1
0, 378, 5,-1
0, 77, 1,-1
0, 283, 1,-1
0, 59, 0,-1
0, 134, 2,-1
0, 179, 0,-1
0, 20, 0,-1
0, 194, 1,-1
0, 253, 0,-1
0, 21, 0,-1
0, 133, 2,-1
1, 341, 6,-1
0, 143, 1,-1
0, 109, 0,-1
0, 84, 3,-1
0, 85, 0,-1
1, 32, 1,-1
0, 173, 0,-1
0, 148, 0,-1
0, 22, 0,-1
0, 41, 0,-1
0, 112, 0,-1
1, 111, 3,-1
0, 156, 0,-1
0, 238, 0,-1
0, 82, 0,-1
0, 15, 0,-1
0, 132, 0,-1
0, 81, 1,-1
0, 44, 0,-1
0, 53, 1,-1
0, 323, 0,-1
0, 46, 0,-1
0, 121, 3,-1
0, 37, 0,-1
0, 14, 0,-1
0, 1378, 1,-1
0, 97, 0,-1
0, 22, 0,-1
0, 267, 0,-1
0, 131, 2,-1
0, 666, 0,-1
0, 164, 2,-1
0, 101, 0,-1
0, 377, 2,-1
0, 27, 0,-1
0, 14, 0,-1
0, 206, 1,-1
0, 185, 0,-1
0, 38, 0,-1
0, 47, 0,-1
0, 13, 0,-1
0, 604, 2,-1
0, 139, 1,-1
0, 546, 3,-1
0, 614, 8,-1
1, 513, 9,-1
0, 309, 0,-1
0, 55, 0,-1
0, 154, 0,-1
0, 544, 5,-1
0, 254, 1,-1
0, 86, 1,-1
0, 272, 2,-1
0, 196, 3,-1
0, 318, 2,-1
0, 171, 0,-1
0, 22, 0,-1
0, 135, 0,-1
0, 22, 0,-1
0, 41, 0,-1
0, 333, 0,-1
0, 85, 1,-1
0, 23, 0,-1
0, 111, 0,-1
0, 156, 0,-1
0, 320, 0,-1
0, 133, 1,-1
0, 22, 0,-1
0, 51, 0,-1
0, 38, 0,-1
0, 634, 1,-1
0, 158, 1,-1
0, 339, 2,-1
0, 22, 0,-1
0, 10, 0,-1
0, 54, 0,-1
0, 819, 15,-1
0, 75, 0,-1
0, 80, 0,-1
0, 83, 0,-1
0, 845, 2,-1
0, 65, 1,-1
0, 181, 0,-1
0, 116, 0,-1
0, 67, 0,-1
0, 333, 0,-1
0, 412, 1,-1
0, 94, 0,-1
0, 130, 1,-1
0, 347, 0,-1
0, 27, 0,-1
0, 92, 0,-1
0, 22, 0,-1
0, 83, 3,-1
0, 32, 0,-1
0, 50, 0,-1
0, 1255, 3,-1
0, 429, 3,-1
0, 239, 1,-1
0, 29, 0,-1
0, 201, 0,-1
1, 540, 9,-1
0, 106, 0,-1
0, 178, 0,-1
0, 198, 0,-1
0, 34, 0,-1
0, 67, 1,-1
0, 461, 2,-1
0, 140, 1,-1
0, 141, 2,-1
0, 499, 1,-1
0, 55, 0,-1
0, 38, 0,-1
0, 7, 0,-1
0, 22, 0,-1
0, 137, 0,-1
0, 275, 2,-1
0, 87, 0,-1
0, 224, 3,-1
0, 174, 2,-1
0, 22, 0,-1
0, 746, 5,-1
0, 792, 3,-1
0, 47, 0,-1
0, 81, 0,-1
0, 45, 0,-1
0, 211, 0,-1
0, 528, 6,-1
0, 66, 0,-1
0, 22, 0,-1
0, 4760, 7,-1
0, 146, 0,-1
0, 130, 2,-1
0, 54, 0,-1
0, 16, 0,-1
0, 51, 0,-1
0, 64, 1,-1
0, 193, 0,-1
0, 40, 0,-1
0, 138, 0,-1
0, 1435, 0,-1
0, 335, 1,-1
0, 167, 0,-1
0, 447, 1,-1
0, 22, 0,-1
0, 393, 0,-1
0, 22, 0,-1
0, 29, 0,-1
0, 50, 2,-1
0, 1001, 3,-1
0, 78, 0,-1
1, 720, 8,-1
0, 48, 0,-1
0, 341, 0,-1
0, 26, 0,-1
0, 29, 0,-1
0, 67, 0,-1
0, 24, 0,-1
0, 169, 0,-1
0, 206, 1,-1
0, 593, 0,-1
0, 22, 0,-1
0, 338, 1,-1
0, 24, 0,-1
0, 24, 0,-1
0, 22, 0,-1
0, 62, 1,-1
0, 40, 0,-1
0, 206, 1,-1
0, 302, 1,-1
0, 81, 0,-1
0, 24, 0,-1
0, 22, 0,-1
0, 163, 0,-1
0, 146, 2,-1
0, 292, 0,-1
0, 70, 0,-1
0, 69, 0,-1
0, 383, 0,-1
0, 395, 2,-1
0, 103, 0,-1
0, 94, 0,-1
0, 55, 0,-1
1, 75, 0,-1
0, 54, 1,-1
0, 470, 3,-1
0, 50, 1,-1
0, 615, 6,-1
0, 62, 0,-1
0, 71, 0,-1
0, 538, 10,-1
0, 22, 0,-1
0, 770, 2,-1
0, 598, 1,-1
0, 22, 0,-1
0, 51, 1,-1
0, 494, 0,-1
0, 155, 1,-1
0, 259, 0,-1
0, 11, 0,-1
0, 370, 6,-1
0, 56, 0,-1
0, 402, 1,-1
1, 301, 5,-1
0, 23, 0,-1
0, 25, 0,-1
0, 315, 4,-1
0, 62, 0,-1
0, 39, 0,-1
0, 439, 9,-1
0, 14, 0,-1
0, 57, 0,-1
0, 56, 0,-1
0, 81, 0,-1
0, 22, 0,-1
0, 197, 1,-1
0, 22, 0,-1
0, 22, 0,-1
0, 159, 0,-1
0, 177, 0,-1
0, 40, 0,-1
0, 29, 0,-1
0, 121, 0,-1
0, 197, 0,-1
0, 62, 0,-1
0, 349, 0,-1
0, 28, 0,-1
0, 24, 0,-1
0, 215, 2,-1
0, 25, 0,-1
0, 86, 1,-1
0, 138, 0,-1
0, 29, 0,-1
0, 22, 0,-1
0, 417, 2,-1
0, 117, 0,-1
0, 63, 2,-1
0, 61, 0,-1
0, 191, 1,-1
0, 40, 0,-1
0, 61, 0,-1
0, 1497, 2,-1
0, 425, 0,-1
0, 10, 0,-1
0, 647, 0,-1
0, 180, 4,-1
0, 419, 0,-1
0, 81, 0,-1
0, 170, 2,-1
0, 22, 0,-1
0, 51, 0,-1
0, 278, 2,-1
0, 295, 0,-1
0, 57, 0,-1
0, 364, 1,-1
0, 167, 0,-1
0, 267, 0,-1
0, 570, 0,-1
0, 304, 2,-1
0, 691, 0,-1
0, 40, 0,-1
0, 3290, 8,-1
0, 69, 1,-1
0, 152, 0,-1
1, 761, 9,-1
0, 93, 0,-1
0, 232, 0,-1
0, 83, 0,-1
0, 261, 5,-1
0, 506, 5,-1
0, 8, 0,-1
0, 24, 0,-1
0, 10, 0,-1
0, 451, 6,-1
0, 260, 1,-1
0, 160, 1,-1
0, 135, 0,-1
0, 407, 4,-1
0, 110, 0,-1
0, 211, 0,-1
0, 229, 0,-1
0, 20, 0,-1
0, 186, 1,-1
0, 70, 0,-1
0, 270, 3,-1
0, 71, 0,-1
0, 26, 0,-1
0, 47, 0,-1
0, 106, 1,-1
0, 60, 1,-1
0, 32, 0,-1
0, 574, 2,-1
0, 104, 0,-1
0, 192, 1,-1
0, 497, 2,-1
0, 218, 0,-1
0, 390, 1,-1
0, 139, 1,-1
0, 1172, 7,-1
0, 30, 0,-1
0, 251, 1,-1
0, 306, 0,-1
1, 781, 15,-1
0, 208, 0,-1
0, 146, 0,-1
0, 52, 0,-1
0, 148, 3,-1
0, 82, 0,-1
0, 524, 3,-1
0, 37, 0,-1
0, 226, 0,-1
0, 31, 0,-1
0, 457, 0,-1
0, 228, 0,-1
0, 22, 0,-1
0, 99, 0,-1
0, 447, 3,-1
0, 107, 0,-1
0, 34, 1,-1
0, 140, 1,-1
0, 113, 1,-1
0, 111, 2,-1
0, 131, 0,-1
0, 86, 0,-1
0, 138, 0,-1
0, 30, 0,-1
0, 38, 0,-1
0, 449, 4,-1
0, 53, 0,-1
0, 24, 0,-1
0, 117, 0,-1
0, 738, 5,-1
0, 55, 0,-1
0, 42, 1,-1
0, 577, 0,-1
0, 54, 0,-1
0, 22, 0,-1
0, 24, 0,-1
1, 301, 2,-1
0, 12, 0,-1
0, 69, 1,-1
0, 83, 0,-1
0, 58, 2,-1
0, 15, 0,-1
0, 834, 4,-1
0, 1100, 3,-1
0, 172, 0,-1
0, 24, 0,-1
0, 138, 0,-1
0, 62, 0,-1
0, 123, 0,-1
0, 225, 2,-1
0, 200, 2,-1
0, 187, 2,-1
0, 353, 0,-1
0, 205, 0,-1
0, 64, 2,-1
0, 760, 2,-1
0, 931, 10,-1
0, 114, 0,-1
0, 157, 2,-1
0, 17, 0,-1
0, 152, 0,-1
0, 213, 0,-1
0, 120, 1,-1
0, 682, 2,-1
0, 125, 1,-1
0, 79, 3,-1
0, 22, 0,-1
0, 313, 0,-1
0, 39, 0,-1
0, 553, 1,-1
0, 22, 0,-1
1, 281, 1,-1
0, 26, 0,-1
0, 460, 5,-1
0, 52, 0,-1
0, 233, 1,-1
0, 276, 2,-1
0, 175, 1,-1
0, 218, 7,-1
0, 686, 1,-1
0, 61, 0,-1
0, 64, 0,-1
0, 179, 1,-1
0, 43, 0,-1
0, 66, 0,-1
0, 464, 1,-1
0, 1332, 8,-1
0, 72, 0,-1
1, 207, 2,-1
0, 121, 1,-1
0, 460, 2,-1
0, 39, 0,-1
0, 207, 2,-1
0, 395, 10,-1
0, 314, 0,-1
0, 79, 1,-1
0, 53, 0,-1
0, 36, 0,-1
0, 180, 0,-1
0, 366, 1,-1
0, 58, 0,-1
0, 20, 0,-1
0, 234, 1,-1
0, 210, 0,-1
0, 464, 2,-1
0, 186, 2,-1
0, 172, 0,-1
0, 331, 0,-1
0, 61, 2,-1
0, 110, 0,-1
0, 28, 0,-1
1, 711, 18,-1
0, 75, 0,-1
0, 48, 1,-1
0, 76, 2,-1
0, 16, 0,-1
1, 33, 0,-1
0, 477, 0,-1
0, 352, 1,-1
0, 144, 0,-1
0, 22, 0,-1
0, 472, 1,-1
0, 168, 0,-1
0, 109, 0,-1
0, 111, 0,-1
0, 565, 3,-1
0, 32, 0,-1
0, 32, 0,-1
0, 26, 0,-1
0, 435, 0,-1
1, 176, 2,-1
0, 269, 2,-1
0, 58, 1,-1
0, 83, 2,-1
0, 48, 0,-1
0, 685, 8,-1
0, 64, 2,-1
0, 253, 1,-1
0, 451, 2,-1
0, 587, 5,-1
0, 427, 3,-1
0, 55, 0,-1
0, 52, 0,-1
0, 22, 0,-1
0, 131, 1,-1
0, 22, 0,-1
0, 38, 0,-1
0, 694, 4,-1
0, 367, 0,-1
0, 296, 0,-1
0, 476, 2,-1
0, 208, 1,-1
0, 32, 0,-1
0, 129, 1,-1
0, 110, 0,-1
0, 34, 0,-1
0, 106, 0,-1
0, 22, 0,-1
0, 95, 1,-1
0, 118, 0,-1
0, 426, 4,-1
0, 161, 0,-1
0, 508, 4,-1
0, 138, 0,-1
0, 322, 1,-1
0, 583, 8,-1
0, 22, 0,-1
0, 195, 1,-1
0, 197, 0,-1
0, 775, 2,-1
0, 22, 0,-1
0, 29, 0,-1
0, 62, 0,-1
0, 116, 0,-1
0, 206, 1,-1
0, 167, 1,-1
0, 257, 1,-1
0, 691, 0,-1
0, 426, 6,-1
0, 313, 0,-1
1, 137, 1,-1
0, 88, 1,-1
0, 74, 0,-1
0, 30, 0,-1
0, 623, 13,-1
0, 22, 0,-1
0, 103, 0,-1
0, 137, 0,-1
0, 461, 3,-1
0, 371, 16,-1
1, 71, 3,-1
0, 190, 0,-1
0, 116, 0,-1
0, 194, 0,-1
0, 97, 1,-1
0, 326, 0,-1
0, 55, 2,-1
0, 30, 0,-1
0, 80, 0,-1
0, 25, 0,-1
0, 391, 1,-1
0, 258, 4,-1
0, 122, 0,-1
0, 22, 0,-1
0, 317, 0,-1
0, 333, 0,-1
0, 101, 0,-1
0, 78, 0,-1
0, 595, 0,-1
0, 263, 1,-1
0, 31, 0,-1
0, 281, 0,-1
0, 289, 1,-1
0, 22, 0,-1
0, 22, 0,-1
0, 225, 2,-1
0, 100, 1,-1
0, 285, 0,-1
0, 303, 2,-1
0, 23, 0,-1
0, 38, 0,-1
0, 25, 0,-1
0, 22, 0,-1
0, 155, 4,-1
0, 47, 1,-1
0, 2546, 13,-1
0, 181, 0,-1
0, 144, 0,-1
0, 82, 1,-1
0, 81, 0,-1
0, 288, 0,-1
0, 167, 1,-1
0, 201, 0,-1
0, 221, 0,-1
0, 384, 2,-1
0, 8861, 8,-1
0, 219, 1,-1
0, 433, 10,-1
0, 304, 1,-1
0, 38, 0,-1
0, 337, 0,-1
0, 186, 3,-1
1, 341, 3,-1
0, 188, 1,-1
0, 109, 0,-1
0, 149, 0,-1
0, 162, 5,-1
0, 172, 2,-1
0, 162, 3,-1
0, 677, 4,-1
0, 22, 0,-1
0, 202, 0,-1
0, 451, 2,-1
0, 163, 2,-1
0, 21, 0,-1
1, 98, 5,-1
0, 156, 0,-1
0, 218, 0,-1
0, 466, 1,-1
0, 330, 0,-1
0, 110, 0,-1
0, 28, 0,-1
0, 42, 0,-1
0, 32, 0,-1
0, 22, 0,-1
0, 732, 4,-1
0, 386, 0,-1
0, 23, 0,-1
0, 25, 0,-1
0, 23, 0,-1
0, 187, 0,-1
0, 102, 0,-1
0, 32, 1,-1
0, 45, 1,-1
0, 8, 0,-1
0, 24, 0,-1
0, 22, 0,-1
0, 111, 1,-1
0, 42, 0,-1
0, 373, 5,-1
0, 395, 2,-1
0, 27, 0,-1
0, 17, 0,-1
0, 663, 1,-1
0, 73, 0,-1
0, 10, 0,-1
0, 33, 0,-1
0, 159, 1,-1
0, 99, 0,-1
0, 177, 1,-1
0, 310, 0,-1
0, 324, 7,-1
0, 173, 0,-1
0, 366, 1,-1
0, 53, 0,-1
0, 866, 7,-1
0, 104, 0,-1
0, 50, 0,-1
0, 40, 0,-1
0, 312, 1,-1
0, 24, 0,-1
0, 171, 1,-1
0, 28, 0,-1
0, 310, 0,-1
0, 78, 0,-1
0, 360, 3,-1
0, 308, 0,-1
1, 123, 3,-1
0, 298, 0,-1
0, 57, 0,-1
0, 79, 1,-1
0, 168, 0,-1
0, 57, 1,-1
0, 29, 0,-1
0, 73, 0,-1
0, 333, 0,-1
0, 153, 0,-1
0, 280, 0,-1
0, 22, 0,-1
0, 444, 1,-1
0, 31, 0,-1
0, 34, 0,-1
0, 180, 0,-1
0, 10, 0,-1
0, 57, 2,-1
0, 11, 0,-1
0, 159, 1,-1
0, 42, 0,-1
0, 146, 0,-1
0, 106, 0,-1
0, 100, 0,-1
0, 22, 0,-1
0, 34, 0,-1
0, 161, 0,-1
0, 201, 0,-1
0, 62, 1,-1
0, 10, 0,-1
0, 319, 1,-1
0, 119, 0,-1
0, 60, 0,-1
0, 72, 2,-1
0, 54, 1,-1
0, 352, 1,-1
0, 244, 0,-1
0, 24, 0,-1
0, 116, 0,-1
0, 24, 0,-1
0, 1852, 4,-1
0, 135, 1,-1
0, 464, 2,-1
0, 23, 0,-1
0, 568, 3,-1
0, 22, 0,-1
0, 143, 0,-1
0, 106, 0,-1
0, 197, 0,-1
0, 24, 0,-1
0, 12, 0,-1
0, 13, 0,-1
0, 88, 0,-1
0, 123, 0,-1
0, 62, 0,-1
1, 96, 2,-1
0, 56, 0,-1
0, 43, 0,-1
0, 220, 0,-1
0, 23, 0,-1
0, 109, 0,-1
0, 11, 0,-1
0, 351, 1,-1
0, 88, 0,-1
0, 34, 0,-1
0, 140, 1,-1
1, 225, 5,-1
0, 464, 4,-1
1, 160, 2,-1
0, 666, 2,-1
0, 35, 0,-1
0, 25, 0,-1
0, 10, 0,-1
0, 92, 0,-1
0, 109, 1,-1
0, 1140, 1,-1
0, 118, 0,-1
0, 255, 1,-1
1, 243, 1,-1
0, 174, 1,-1
0, 900, 1,-1
0, 48, 0,-1
0, 19, 0,-1
0, 19, 0,-1
0, 14, 0,-1
0, 378, 1,-1
0, 139, 1,-1
0, 95, 1,-1
0, 170, 0,-1
0, 99, 0,-1
0, 49, 2,-1
0, 60, 0,-1
0, 30, 0,-1
0, 22, 0,-1
0, 144, 0,-1
0, 24, 0,-1
0, 69, 0,-1
0, 22, 0,-1
0, 33, 0,-1
0, 22, 0,-1
0, 149, 0,-1
0, 234, 1,-1
0, 793, 4,-1
0, 307, 1,-1
0, 80, 0,-1
0, 159, 0,-1
0, 263, 0,-1
0, 213, 0,-1
0, 840, 8,-1
0, 158, 0,-1
0, 212, 0,-1
0, 376, 2,-1
0, 37, 2,-1
0, 22, 0,-1
0, 61, 0,-1
0, 55, 0,-1
0, 443, 0,-1
0, 1417, 2,-1
0, 82, 0,-1
0, 325, 1,-1
0, 24, 0,-1
0, 102, 1,-1
0, 186, 0,-1
0, 52, 1,-1
0, 262, 4,-1
0, 22, 0,-1
0, 30, 0,-1
1, 82, 1,-1
0, 331, 4,-1
0, 95, 1,-1
0, 171, 0,-1
0, 71, 4,-1
0, 24, 0,-1
0, 67, 0,-1
1, 206, 2,-1
0, 132, 3,-1
0, 148, 0,-1
0, 164, 1,-1
0, 404, 1,-1
0, 286, 1,-1
0, 261, 0,-1
0, 62, 0,-1
0, 47, 0,-1
0, 121, 0,-1
0, 39, 0,-1
0, 45, 0,-1
0, 866, 8,-1
0, 32, 0,-1
0, 80, 0,-1
1, 125, 1,-1
0, 68, 0,-1
0, 174, 0,-1
0, 1204, 5,-1
0, 527, 5,-1
0, 32, 0,-1
0, 221, 0,-1
0, 347, 2,-1
0, 334, 2,-1
0, 588, 2,-1
0, 343, 4,-1
0, 125, 0,-1
0, 92, 2,-1
0, 18, 0,-1
0, 54, 1,-1
0, 72, 0,-1
0, 397, 0,-1
0, 1245, 4,-1
0, 39, 0,-1
0, 384, 1,-1
0, 323, 0,-1
0, 346, 2,-1
1, 155, 0,-1
0, 96, 0,-1
0, 223, 0,-1
0, 221, 0,-1
0, 46, 0,-1
0, 11, 0,-1
0, 24, 0,-1
0, 32, 0,-1
0, 209, 1,-1
0, 139, 2,-1
0, 51, 0,-1
0, 100, 1,-1
0, 94, 0,-1
0, 404, 0,-1
0, 48, 0,-1
0, 53, 0,-1
0, 159, 0,-1
0, 147, 1,-1
0, 203, 2,-1
0, 172, 0,-1
0, 299, 0,-1
0, 21, 0,-1
0, 212, 1,-1
0, 774, 1,-1
0, 12, 0,-1
0, 38, 0,-1
0, 304, 1,-1
0, 225, 0,-1
0, 78, 1,-1
0, 178, 1,-1
0, 90, 0,-1
0, 357, 0,-1
0, 85, 1,-1
0, 248, 1,-1
0, 2, 0,-1
0, 60, 0,-1
0, 170, 0,-1
0, 310, 0,-1
0, 206, 0,-1
0, 144, 0,-1
0, 94, 2,-1
0, 580, 4,-1
0, 453, 5,-1
0, 212, 2,-1
0, 344, 2,-1
0, 249, 0,-1
0, 274, 1,-1
0, 135, 0,-1
0, 25, 0,-1
0, 182, 2,-1
0, 95, 1,-1
0, 448, 3,-1
0, 9, 0,-1
0, 50, 0,-1
0, 162, 1,-1
0, 22, 0,-1
0, 86, 0,-1
0, 70, 0,-1
0, 46, 0,-1
0, 460, 1,-1
0, 169, 0,-1
0, 51, 0,-1
0, 202, 1,-1
0, 36, 0,-1
0, 32, 0,-1
1, 149, 2,-1
0, 447, 0,-1
0, 22, 0,-1
0, 260, 0,-1
0, 126, 0,-1
0, 373, 4,-1
0, 217, 0,-1
0, 38, 0,-1
0, 22, 0,-1
0, 198, 0,-1
0, 121, 0,-1
0, 186, 1,-1
0, 32, 0,-1
0, 229, 1,-1
0, 22, 0,-1
0, 28, 0,-1
0, 55, 2,-1
0, 73, 0,-1
0, 581, 6,-1
0, 144, 0,-1
0, 22, 0,-1
0, 74, 1,-1
0, 43, 0,-1
0, 500, 2,-1
0, 70, 0,-1
0, 206, 0,-1
0, 22, 0,-1
0, 384, 1,-1
0, 38, 1,-1
0, 341, 0,-1
0, 125, 0,-1
0, 155, 3,-1
0, 96, 2,-1
0, 18, 0,-1
0, 185, 1,-1
0, 104, 0,-1
0, 41, 1,-1
0, 119, 0,-1
0, 229, 1,-1
0, 503, 0,-1
0, 93, 0,-1
0, 105, 2,-1
0, 113, 1,-1
0, 204, 1,-1
0, 146, 0,-1
0, 16, 0,-1
0, 517, 0,-1
0, 20, 0,-1
0, 609, 2,-1
0, 32, 0,-1
0, 28, 0,-1
0, 206, 1,-1
0, 495, 0,-1
0, 181, 0,-1
0, 135, 5,-1
0, 225, 3,-1
1, 235, 0,-1
0, 306, 2,-1
0, 65, 1,-1
0, 109, 0,-1
0, 22, 0,-1
0, 84, 0,-1
0, 79, 0,-1
0, 64, 0,-1
0, 288, 0,-1
0, 80, 0,-1
0, 16, 0,-1
0, 319, 5,-1
0, 39, 0,-1
0, 122, 0,-1
0, 745, 2,-1
0, 43, 0,-1
0, 26, 0,-1
0, 101, 0,-1
0, 621, 2,-1
0, 164, 0,-1
0, 56, 0,-1
0, 481, 2,-1
0, 896, 3,-1
0, 549, 3,-1
0, 533, 2,-1
0, 122, 2,-1
0, 22, 0,-1
0, 176, 0,-1
0, 24, 0,-1
0, 81, 0,-1
0, 546, 3,-1
0, 25, 0,-1
0, 437, 0,-1
0, 24, 0,-1
0, 134, 0,-1
0, 1236, 5,-1
0, 142, 0,-1
0, 239, 1,-1
0, 553, 5,-1
0, 117, 1,-1
0, 122, 1,-1
0, 785, 1,-1
0, 316, 1,-1
2, 71, 0,-1
0, 180, 1,-1
0, 33, 0,-1
0, 125, 0,-1
0, 111, 0,-1
0, 132, 0,-1
0, 60, 0,-1
0, 127, 0,-1
0, 217, 0,-1
0, 57, 0,-1
0, 75, 0,-1
0, 329, 0,-1
0, 2315, 6,-1
0, 22, 0,-1
0, 373, 0,-1
0, 806, 2,-1
0, 22, 0,-1
1, 129, 1,-1
0, 224, 0,-1
0, 500, 3,-1
0, 349, 4,-1
0, 417, 0,-1
0, 22, 0,-1
0, 299, 0,-1
0, 54, 0,-1
0, 1173, 1,-1
0, 47, 0,-1
0, 872, 10,-1
0, 169, 0,-1
0, 66, 0,-1
0, 130, 3,-1
0, 24, 0,-1
0, 449, 1,-1
1, 4, 0,1
1, 138, 5,1
1, 155, 0,1
0, 86, 6,1
0, 96, 1,1
0, 34, 1,1
1, 12, 0,1
0, 37, 1,1
0, 32, 4,1
0, 146, 2,1
0, 58, 1,1
0, 0, 0,1
1, 81, 0,1
1, 15, 0,1
0, 10, 0,1
0, 25, 0,1
0, 615, 11,1
0, 224, 0,1
0, 199, 3,1
1, 195, 0,1
0, 89, 1,1
0, 80, 4,1
0, 90, 5,1
0, 101, 3,1
0, 4, 0,1
0, 0, 0,1
0, 238, 5,1
0, 705, 0,1
0, 19, 0,1
0, 28, 0,1
0, 52, 0,1
0, 89, 3,1
0, 83, 0,1
0, 603, 7,1
0, 527, 1,1
0, 153, 0,1
0, 65, 0,1
0, 108, 1,1
0, 147, 1,1
1, 58, 1,1
1, 61, 3,1
0, 160, 1,1
0, 416, 4,1
2, 15, 0,1
0, 38, 0,1
0, 505, 8,1
0, 726, 3,1
0, 69, 0,1
0, 69, 0,1
0, 19, 1,1
0, 249, 1,1
1, 13, 0,1
0, 18, 1,1
0, 303, 2,1
2, 137, 0,1
1, 10, 0,1
0, 118, 1,1
0, 286, 3,1
0, 374, 5,1
0, 514, 7,1
0, 65, 0,1
0, 79, 2,1
0, 44, 1,1
0, 2730, 0,1
0, 744, 7,1
0, 0, 0,1
0, 19, 1,1
0, 49, 0,1
0, 30, 2,1
0, 1131, 9,1
0, 209, 2,1
1, 389, 0,1
0, 10, 0,1
0, 108, 0,1
0, 537, 7,1
0, 284, 8,1
0, 10, 0,1
0, 43, 2,1
0, 115, 3,1
1, 148, 2,1
0, 60, 1,1
0, 508, 5,1
0, 19, 0,1
0, 237, 0,1
2, 252, 4,1
0, 14, 0,1
2, 94, 3,1
0, 555, 1,1
0, 746, 4,1
0, 232, 5,1
0, 46, 1,1
0, 100, 3,1
0, 136, 0,1
0, 40, 1,1
1, 4, 0,1
0, 323, 1,1
1, 114, 1,1
0, 45, 0,1
0, 163, 1,1
0, 286, 8,1
0, 230, 3,1
0, 1224, 22,1
0, 315, 0,1
0, 9, 0,1
0, 1306, 12,1
0, 661, 4,1
0, 672, 10,1
0, 143, 4,1
0, 175, 2,1
0, 42, 0,1
0, 185, 3,1
0, 0, 0,1
0, 877, 7,1
0, 280, 6,1
0, 74, 0,1
0, 148, 3,1
0, 974, 5,1
0, 144, 5,1
0, 277, 2,1
0, 629, 14,1
0, 45, 0,1
0, 12, 1,1
0, 37, 1,1
1, 424, 4,1
1, 53, 3,1
0, 101, 2,1
1, 121, 1,1
0, 315, 4,1
0, 258, 13,1
0, 956, 4,1
0, 59, 6,1
1, 66, 2,1
0, 29, 2,1
1, 132, 2,1
1, 365, 1,1
0, 96, 0,1
1, 6, 0,1
0, 159, 4,1
0, 166, 2,1
0, 124, 2,1
0, 183, 3,1
0, 23, 0,1
0, 314, 3,1
0, 72, 1,1
0, 84, 2,1
0, 7, 0,1
0, 93, 1,1
0, 17, 0,1
1, 87, 1,1
0, 157, 2,1
0, 172, 3,1
0, 129, 3,1
0, 107, 1,1
1, 341, 4,1
0, 10, 0,1
2, 225, 3,1
1, 366, 2,1
0, 58, 0,1
0, 105, 0,1
0, 1562, 9,1
0, 9, 0,1
1, 32, 0,1
0, 213, 2,1
0, 394, 10,1
0, 107, 4,1
0, 260, 5,1
0, 22, 0,1
0, 83, 7,1
1, 100, 0,1
1, 115, 2,1
0, 318, 2,1
1, 13, 0,1
0, 102, 1,1
0, 89, 2,1
0, 998, 7,1
0, 478, 5,1
0, 87, 3,1
0, 84, 1,1
1, 53, 0,1
0, 14, 0,1
0, 62, 0,1
0, 364, 6,1
0, 15, 0,1
2, 27, 0,1
0, 121, 4,1
0, 267, 0,1
0, 176, 0,1
0, 74, 0,1
0, 119, 8,1
0, 600, 6,1
1, 134, 1,1
0, 144, 2,1
0, 66, 0,1
0, 109, 0,1
0, 562, 6,1
0, 204, 7,1
1, 87, 1,1
0, 210, 5,1
0, 578, 2,1
0, 8, 0,1
0, 79, 2,1
0, 46, 2,1
2, 66, 2,1
0, 86, 1,1
0, 240, 6,1
0, 172, 6,1
0, 50, 0,1
0, 48, 1,1
0, 9, 0,1
0, 77, 1,1
0, 44, 0,1
0, 2, 0,1
0, 118, 0,1
0, 5, 0,1
3, 321, 7,1
0, 245, 0,1
1, 66, 2,1
0, 198, 1,1
0, 221, 1,1
0, 407, 1,1
0, 250, 11,1
0, 37, 0,1
0, 0, 0,1
0, 37, 0,1
0, 86, 0,1
0, 963, 41,1
0, 495, 0,1
1, 208, 5,1
0, 801, 19,1
0, 64, 0,1
0, 112, 2,1
0, 56, 0,1
0, 1879, 18,1
0, 586, 7,1
0, 287, 6,1
0, 116, 1,1
0, 199, 4,1
0, 633, 6,1
0, 19, 1,1
0, 137, 3,1
1, 124, 0,1
0, 79, 0,1
1, 39, 0,1
1, 1247, 10,1
0, 69, 0,1
0, 197, 4,1
0, 109, 3,1
0, 9, 1,1
0, 13, 0,1
0, 108, 1,1
0, 208, 2,1
0, 23, 0,1
0, 286, 2,1
0, 119, 2,1
0, 537, 1,1
0, 64, 0,1
0, 84, 0,1
0, 39, 1,1
0, 172, 1,1
0, 7, 0,1
0, 11, 0,1
2, 118, 0,1
2, 73, 1,1
0, 57, 0,1
0, 202, 1,1
0, 229, 3,1
1, 39, 1,1
0, 764, 4,1
0, 237, 5,1
1, 361, 0,1
1, 469, 6,1
3, 88, 5,1
0, 32, 0,1
0, 35, 0,1
0, 1522, 10,1
0, 28, 0,1
0, 264, 4,1
0, 159, 5,1
1, 541, 1,1
0, 147, 1,1
0, 176, 3,1
2, 31, 1,1
0, 65, 2,1
0, 76, 3,1
0, 920, 17,1
0, 2050, 21,1
1, 91, 0,1
0, 119, 2,1
1, 771, 7,1
1, 10, 0,1
0, 188, 1,1
0, 560, 5,1
0, 111, 1,1
0, 123, 7,1
0, 97, 0,1
0, 114, 2,1
0, 5, 0,1
0, 76, 0,1
0, 89, 0,1
0, 123, 1,1
0, 1090, 14,1
1, 292, 0,1
0, 84, 1,1
0, 141, 1,1
0, 89, 0,1
0, 69, 0,1
1, 92, 2,1
0, 9, 0,1
0, 123, 5,1
0, 75, 0,1
1, 50, 1,1
0, 222, 0,1
0, 298, 2,1
0, 29, 0,1
0, 97, 3,1
1, 904, 13,1
0, 86, 2,1
0, 126, 0,1
0, 70, 0,1
1, 134, 1,1
0, 88, 6,1
0, 730, 9,1
0, 48, 1,1
0, 52, 0,1
0, 352, 5,1
0, 300, 1,1
0, 74, 0,1
0, 57, 4,1
0, 378, 4,1
0, 92, 1,1
0, 41, 0,1
0, 83, 3,1
1, 156, 2,1
0, 394, 0,1
0, 54, 0,1
0, 49, 0,1
0, 324, 6,1
0, 1054, 22,1
0, 144, 0,1
0, 33, 0,1
0, 162, 9,1
0, 843, 11,1
1, 34, 1,1
0, 431, 1,1
0, 7, 0,1
0, 93, 1,1
0, 164, 2,1
0, 17, 1,1
1, 1475, 14,1
0, 332, 4,1
0, 62, 1,1
0, 102, 0,1
0, 1166, 30,1
0, 10, 0,1
1, 77, 0,1
1, 85, 1,1
1, 19, 0,1
0, 213, 0,1
0, 30, 3,1
0, 699, 1,1
0, 234, 1,1
0, 26, 0,1
0, 713, 18,1
0, 209, 2,1
0, 8, 0,1
0, 289, 8,1
1, 8, 0,1
0, 39, 0,1
1, 199, 3,1
1, 141, 7,1
0, 31, 1,1
0, 128, 0,1
0, 847, 14,1
0, 196, 1,1
0, 45, 1,1
1, 168, 7,1
0, 391, 5,1
0, 949, 6,1
0, 96, 3,1
0, 302, 1,1
2, 82, 4,1
0, 266, 5,1
0, 155, 2,1
0, 49, 3,1
0, 64, 0,1
0, 36, 1,1
0, 49, 1,1
0, 82, 1,1
0, 216, 1,1
0, 1729, 13,1
0, 382, 1,1
0, 465, 4,1
0, 70, 1,1
1, 1263, 9,1
0, 102, 3,1
0, 152, 3,1
0, 117, 8,1
0, 65, 2,1
0, 659, 17,1
0, 78, 1,1
0, 102, 0,1
2, 8, 0,1
0, 309, 1,1
1, 162, 5,1
0, 106, 1,1
1, 22, 1,1
0, 336, 1,1
0, 323, 1,1
0, 131, 1,1
0, 220, 6,1
1, 300, 5,1
0, 446, 2,1
0, 80, 0,1
0, 147, 1,1
0, 286, 1,1
0, 59, 1,1
0, 617, 8,1
1, 1680, 10,1
0, 50, 0,1
0, 278, 3,1
0, 1096, 11,1
0, 42, 0,1
0, 86, 0,1
0, 91, 1,1
0, 0, 0,1
0, 330, 2,1
0, 56, 1,1
0, 104, 2,1
0, 80, 1,1
1, 75, 0,1
0, 138, 1,1
0, 293, 1,1
0, 12, 0,1
0, 21, 1,1
0, 109, 1,1
0, 183, 1,1
0, 98, 1,1
0, 242, 6,1
0, 5, 0,1
0, 4, 0,1
0, 52, 0,1
0, 479, 5,1
0, 208, 2,1
0, 165, 1,1
0, 56, 3,1
0, 132, 1,1
0, 112, 3,1
0, 10, 0,1
0, 184, 1,1
0, 39, 0,1
0, 95, 4,1
0, 72, 0,1
0, 167, 3,1
0, 576, 2,1
1, 150, 2,1
0, 163, 0,1
0, 21, 0,1
1, 192, 7,1
1, 147, 6,1
1, 163, 0,1
0, 218, 3,1
0, 63, 1,1
0, 101, 5,1
0, 44, 0,1
0, 1023, 9,1
0, 33, 4,1
2, 7, 0,1
0, 32, 4,1
0, 1777, 22,1
0, 34, 0,1
1, 692, 17,1
0, 189, 5,1
0, 49, 0,1
0, 29, 0,1
0, 61, 3,1
0, 46, 2,1
0, 74, 0,1
0, 121, 3,1
0, 573, 5,1
0, 105, 1,1
0, 35, 3,1
1, 568, 2,1
0, 1116, 5,1
0, 221, 2,1
0, 254, 3,1
0, 46, 0,1
2, 9, 0,1
0, 115, 10,1
1, 106, 3,1
0, 147, 0,1
0, 202, 2,1
0, 100, 0,1
0, 163, 2,1
0, 23, 0,1
0, 42, 0,1
0, 57, 0,1
0, 290, 6,1
0, 53, 2,1
0, 96, 1,1
0, 465, 5,1
0, 23, 0,1
0, 224, 3,1
0, 222, 4,1
0, 605, 8,1
0, 156, 2,1
0, 1176, 19,1
1, 187, 9,1
0, 83, 0,1
0, 1105, 10,1
0, 346, 0,1
0, 203, 2,1
0, 54, 0,1
0, 91, 1,1
0, 563, 0,1
1, 189, 0,1
0, 156, 0,1
0, 236, 3,1
0, 243, 1,1
1, 20, 1,1
1, 29, 0,1
0, 11, 0,1
0, 72, 0,1
0, 0, 0,1
0, 233, 1,1
1, 10, 0,1
0, 67, 0,1
0, 0, 0,1
0, 87, 3,1
0, 457, 3,1
0, 33, 0,1
0, 5, 0,1
0, 276, 9,1
1, 57, 2,1
0, 7, 0,1
0, 13, 0,1
0, 187, 2,1
2, 12, 0,1
0, 71, 0,1
0, 172, 3,1
0, 172, 1,1
0, 83, 0,1
0, 88, 0,1
0, 79, 0,1
0, 113, 2,1
0, 54, 1,1
1, 182, 2,1
1, 858, 13,1
1, 14, 0,1
0, 553, 1,1
1, 292, 3,1
0, 646, 7,1
0, 442, 10,1
0, 94, 1,1
0, 657, 8,1
0, 49, 2,1
0, 1739, 13,1
0, 0, 0,1
1, 23, 1,1
0, 524, 1,1
0, 197, 0,1
0, 145, 1,1
0, 165, 0,1
0, 251, 0,1
0, 268, 1,1
0, 4, 0,1
2, 107, 6,1
0, 195, 5,1
0, 709, 6,1
0, 88, 1,1
0, 116, 0,1
0, 198, 3,1
0, 160, 0,1
0, 309, 3,1
0, 124, 3,1
0, 458, 6,1
0, 621, 13,1
0, 35, 0,1
0, 85, 0,1
0, 1289, 13,1
0, 654, 1,1
0, 155, 2,1
0, 647, 7,1
0, 480, 5,1
0, 46, 0,1
0, 29, 0,1
0, 6, 0,1
0, 16, 0,1
0, 52, 0,1
0, 416, 4,1
0, 15, 0,1
0, 381, 5,1
0, 883, 11,1
0, 108, 1,1
1, 197, 8,1
0, 241, 2,1
0, 93, 1,1
0, 108, 1,1
0, 28, 0,1
0, 258, 2,1
0, 97, 0,1
0, 720, 3,1
0, 68, 1,1
0, 32, 0,1
0, 357, 0,1
0, 393, 1,1
0, 86, 1,1
0, 140, 3,1
0, 69, 0,1
0, 307, 10,1
0, 232, 4,1
0, 159, 1,1
0, 26, 0,1
0, 319, 9,1
0, 933, 7,1
0, 44, 2,1
0, 1, 0,1
0, 554, 1,1
0, 156, 2,1
0, 325, 2,1
1, 139, 1,1
0, 198, 6,1
0, 180, 1,1
0, 576, 2,1
1, 562, 6,1
0, 68, 0,1
0, 169, 0,1
0, 142, 4,1
0, 46, 0,1
2, 6, 0,1
0, 20, 1,1
0, 652, 7,1
0, 161, 3,1
3, 206, 5,1
0, 921, 9,1
0, 129, 0,1
0, 639, 17,1
1, 82, 0,1
0, 110, 0,1
0, 119, 3,1
0, 7, 0,1
1, 58, 0,1
0, 83, 2,1
0, 43, 0,1
0, 421, 6,1
0, 64, 1,1
0, 161, 4,1
0, 188, 1,1
0, 160, 1,1
0, 81, 2,1
2, 244, 9,1
0, 206, 4,1
0, 1511, 17,1
0, 164, 0,1
1, 32, 1,1
0, 128, 1,1
0, 715, 4,1
0, 944, 16,1
0, 170, 0,1
1, 62, 1,1
0, 304, 6,1
0, 31, 0,1
0, 376, 0,1
0, 681, 5,1
1, 149, 1,1
1, 181, 1,1
0, 160, 0,1
0, 0, 0,1
0, 19, 0,1
0, 131, 2,1
0, 164, 0,1
0, 159, 1,1
1, 190, 3,1
0, 236, 3,1
0, 187, 4,1
0, 53, 0,1
0, 24, 0,1
1, 127, 3,1
1, 54, 2,1
0, 100, 1,1
0, 568, 3,1
2, 109, 0,1
1, 811, 19,1
0, 72, 0,1
1, 77, 0,1
0, 532, 7,1
0, 150, 1,1
0, 151, 1,1
1, 6, 0,1
0, 74, 1,1
0, 236, 3,1
0, 759, 14,1
0, 70, 0,1
0, 215, 2,1
1, 169, 0,1
0, 151, 1,1
0, 771, 8,1
0, 393, 25,1
0, 129, 3,1
0, 186, 3,1
0, 13, 0,1
0, 78, 0,1
0, 46, 0,1
0, 14, 0,1
0, 70, 3,1
1, 224, 6,1
0, 19, 1,1
1, 187, 3,1
0, 1243, 10,1
0, 329, 3,1
0, 90, 0,1
0, 91, 2,1
0, 93, 3,1
0, 134, 2,1
0, 158, 2,1
0, 50, 0,1
0, 19, 1,1
0, 280, 3,1
0, 82, 2,1
0, 618, 8,1
1, 83, 2,1
0, 71, 0,1
0, 32, 4,1
1, 27, 0,1
0, 301, 8,1
0, 20, 0,1
0, 155, 3,1
0, 62, 1,1
0, 151, 12,1
0, 117, 0,1
0, 65, 2,1
0, 95, 2,1
0, 35, 0,1
0, 106, 8,1
0, 143, 1,1
1, 8, 0,1
0, 525, 1,1
0, 49, 1,1
0, 15, 0,1
1, 81, 2,1
0, 14, 0,1
0, 91, 0,1
0, 4, 0,1
0, 157, 2,1
0, 114, 6,1
2, 11, 0,1
0, 105, 2,1
0, 1319, 7,1
0, 32, 4,1
0, 386, 1,1
0, 49, 0,1
1, 3011, 35,1
0, 531, 12,1
0, 1026, 7,1
1, 159, 1,1
0, 57, 3,1
0, 282, 4,1
0, 158, 0,1
0, 112, 2,1
0, 7, 0,1
2, 310, 26,1
0, 600, 1,1
0, 104, 2,1
0, 303, 0,1
0, 131, 4,1
0, 32, 3,1
0, 204, 0,1
0, 119, 2,1
0, 180, 11,1
0, 75, 0,1
0, 0, 0,1
2, 1187, 14,1
0, 86, 3,1
0, 85, 1,1
2, 141, 4,1
0, 43, 2,1
0, 340, 3,1
0, 28, 0,1
0, 95, 0,1
0, 124, 4,1
0, 2442, 35,1
0, 6, 0,1
0, 146, 2,1
0, 300, 5,1
0, 190, 1,1
0, 179, 3,1
0, 119, 3,1
0, 184, 5,1
0, 223, 3,1
0, 488, 5,1
0, 82, 0,1
0, 10, 0,1
1, 1040, 14,1
0, 63, 1,1
1, 140, 6,1
0, 391, 2,1
0, 176, 1,1
0, 214, 2,1
0, 103, 1,1
0, 20, 1,1
0, 17, 0,1
0, 104, 2,1
1, 24, 0,1
1, 356, 2,1
0, 256, 11,1
0, 156, 2,1
1, 328, 8,1
0, 72, 0,1
1, 12, 0,1
0, 271, 2,1
0, 4, 0,1
0, 19, 0,1
3, 40, 2,1
0, 106, 2,1
0, 62, 3,1
0, 34, 2,1
0, 662, 11,1
0, 29, 2,1
0, 190, 6,1
0, 384, 1,1
0, 75, 2,1
0, 84, 1,1
0, 122, 5,1
1, 88, 0,1
1, 134, 2,1
0, 43, 1,1
1, 180, 2,1
0, 201, 2,1
0, 450, 6,1
0, 591, 6,1
0, 137, 1,1
1, 71, 1,1
0, 88, 1,1
0, 71, 1,1
0, 145, 0,1
0, 59, 0,1
0, 530, 6,1
0, 110, 0,1
0, 113, 2,1
0, 410, 8,1
0, 72, 1,1
2, 121, 3,1
0, 84, 0,1
0, 13, 1,1
0, 336, 10,1
0, 276, 3,1
0, 129, 2,1
0, 134, 0,1
0, 157, 1,1
0, 10, 0,1
1, 230, 2,1
0, 107, 2,1
0, 2, 0,1
0, 53, 2,1
0, 644, 0,1
0, 14, 0,1
0, 88, 1,1
0, 49, 2,1
0, 12, 0,1
0, 130, 0,1
0, 239, 9,1
0, 225, 3,1
0, 56, 1,1
1, 263, 2,1
0, 561, 3,1
0, 24, 1,1
0, 104, 4,1
0, 94, 1,1
0, 157, 2,1
0, 81, 0,1
1, 46, 0,1
0, 103, 0,1
0, 695, 4,1
0, 140, 1,1
2, 176, 3,1
0, 453, 5,1
1, 26, 0,1
0, 89, 1,1
0, 420, 8,1
1, 189, 3,1
0, 31, 0,1
0, 502, 7,1
0, 102, 4,1
0, 151, 2,1
0, 160, 2,1
0, 199, 4,1
0, 668, 0,1
0, 132, 1,1
0, 281, 3,1
0, 172, 1,1
1, 45, 0,1
1, 587, 8,1
0, 61, 0,1
1, 99, 1,1
1, 545, 2,1
0, 934, 3,1
0, 23, 0,1
0, 207, 3,1
0, 712, 5,1
0, 26, 1,1
0, 5, 0,1
1, 95, 2,1
0, 678, 14,1
0, 508, 6,1
0, 19, 0,1
0, 626, 0,1
0, 92, 4,1
1, 168, 5,1
0, 14, 0,1
1, 10, 0,1
0, 4, 0,1
0, 81, 1,1
2, 8, 0,1
0, 199, 3,1
0, 83, 0,1
0, 41, 1,1
0, 79, 4,1
0, 129, 1,1
0, 108, 1,1
0, 32, 3,1
0, 52, 0,1
0, 61, 1,1
1, 53, 0,1
0, 70, 0,1
0, 96, 0,1
0, 107, 0,1
1, 1418, 31,1
1, 282, 3,1
2, 73, 4,1
1, 67, 2,1
0, 5, 0,1
1, 43, 1,1
0, 72, 3,1
0, 77, 4,1
1, 43, 1,1
1, 600, 0,1
0, 103, 4,1
0, 11, 0,1
0, 139, 3,1
0, 98, 1,1
0, 290, 1,1
1, 58, 0,1
0, 26, 0,1
2, 107, 2,1
0, 148, 0,1
0, 180, 3,1
0, 9, 0,1
0, 278, 4,1
0, 183, 3,1
0, 53, 2,1
0, 131, 1,1
1, 108, 2,1
1, 190, 1,1
0, 93, 0,1
0, 63, 5,1
0, 727, 9,1
1, 217, 6,1
0, 86, 0,1
0, 1273, 5,1
0, 227, 4,1
0, 32, 0,1
0, 112, 7,1
1, 49, 0,1
0, 33, 0,1
0, 730, 3,1
0, 295, 4,1
0, 28, 0,1
0, 531, 3,1
0, 74, 0,1
0, 225, 7,1
0, 109, 3,1
0, 84, 0,1
0, 86, 2,1
0, 69, 0,1
0, 66, 0,1
1, 83, 2,1
0, 480, 8,1
0, 479, 5,1
0, 199, 7,1
1, 203, 4,1
0, 271, 4,1
0, 71, 0,1
0, 80, 0,1
2, 139, 7,1
1, 69, 0,1
1, 104, 2,1
0, 168, 3,1
0, 111, 0,1
0, 2, 0,1
0, 21, 0,1
0, 82, 1,1
2, 82, 4,1
1, 198, 2,1
0, 55, 0,1
1, 41, 2,1
0, 445, 3,1
0, 24, 0,1
0, 15, 0,1
0, 36, 1,1
0, 125, 2,1
1, 133, 3,1
1, 14, 0,1
0, 5, 0,1
1, 78, 2,1
0, 61, 0,1
0, 36, 1,1
0, 41, 1,1
0, 42, 0,1
0, 147, 2,1
0, 237, 8,1
0, 129, 3,1
0, 357, 3,1
0, 444, 1,1
0, 382, 0,1
0, 961, 5,1
0, 83, 1,1
0, 81, 3,1
1, 119, 3,1
0, 8, 0,1
1, 199, 3,1
0, 110, 1,1
2, 412, 8,1
0, 460, 2,1
0, 1302, 11,1
0, 43, 2,1
0, 364, 0,1
0, 37, 2,1
0, 556, 9,1
0, 1397, 14,1
0, 209, 6,1
0, 24, 0,1
1, 41, 1,1
0, 163, 1,1
0, 0, 0,1
2, 123, 4,1
0, 790, 4,1
2, 108, 0,1
0, 28, 1,1
0, 242, 9,1
0, 576, 2,1
0, 211, 1,1
0, 17, 0,1
1, 7, 0,1
0, 157, 2,1
0, 28, 0,1
0, 1384, 18,1
0, 367, 0,1
1, 64, 0,1
0, 44, 3,1
0, 1154, 8,1
1, 28, 1,1
0, 0, 0,1
0, 169, 5,1
1, 289, 7,1
1, 70, 2,1
0, 31, 1,1
0, 40, 1,1
2, 283, 12,1
0, 180, 2,1
0, 79, 5,1
0, 108, 1,1
1, 884, 4,1
1, 61, 0,1
0, 38, 0,1
1, 191, 4,1
0, 188, 1,1
0, 67, 0,1
0, 33, 0,1
1, 181, 3,1
0, 144, 1,1
0, 238, 0,1
0, 52, 0,1
1, 64, 0,1
1, 175, 5,1
0, 1672, 9,1
2, 177, 8,1
0, 661, 3,1
0, 38, 1,1
0, 63, 3,1
0, 596, 8,1
0, 208, 2,1
0, 0, 0,1
0, 125, 3,1
0, 709, 3,1
0, 85, 2,1
1, 221, 3,1
1, 341, 1,1
0, 664, 5,1
0, 71, 0,1
0, 81, 1,1
1, 56, 0,1
0, 53, 2,1
0, 2559, 38,1
0, 12, 0,1
0, 202, 6,1
0, 30, 0,1
0, 91, 0,1
0, 238, 6,1
1, 14, 0,1
0, 197, 2,1
0, 545, 4,1
0, 150, 2,1
0, 57, 0,1
0, 486, 5,1
1, 212, 7,1
0, 146, 3,1
0, 119, 2,1
0, 725, 3,1
0, 16, 0,1
0, 115, 2,1
0, 7, 0,1
2, 100, 2,1
0, 8, 0,1
0, 1391, 12,1
0, 391, 5,1
0, 525, 13,1
1, 200, 2,1
0, 126, 1,1
0, 63, 1,1
0, 112, 0,1
0, 90, 1,1
0, 169, 1,1
0, 672, 9,1
1, 159, 3,1
0, 591, 9,1
0, 101, 2,1
0, 323, 1,1
0, 65, 2,1
0, 31, 3,1
0, 72, 1,1
0, 83, 0,1
1, 137, 2,1
1, 47, 0,1
0, 1058, 11,1
0, 5, 0,1
0, 628, 2,1
1, 80, 2,1
0, 19, 0,1
0, 44, 0,1
0, 104, 5,1
0, 222, 6,1
0, 87, 4,1
1, 9, 0,1
1, 232, 2,1
1, 24, 0,1
0, 28, 0,1
1, 45, 0,1
1, 162, 5,1
1, 546, 7,1
0, 65, 0,1
0, 180, 0,1
0, 0, 0,1
0, 38, 0,1
0, 134, 0,1
0, 26, 0,1
0, 62, 2,1
0, 1499, 12,1
0, 199, 2,1
1, 82, 1,1
0, 530, 1,1
2, 173, 5,1
0, 85, 0,1
0, 74, 0,1
0, 599, 2,1
0, 50, 1,1
0, 59, 1,1
0, 555, 10,1
1, 51, 1,1
0, 13, 0,1
1, 140, 6,1
0, 26, 0,1
0, 1093, 6,1
0, 40, 0,1
1, 73, 0,1
0, 105, 1,1
1, 15, 0,1
2, 8, 0,1
0, 165, 6,1
0, 116, 1,1
0, 170, 3,1
1, 68, 0,1
1, 9, 0,1
1, 140, 1,1
0, 89, 2,1
0, 324, 2,1
1, 49, 0,1
0, 152, 3,1
0, 53, 2,1
0, 328, 0,1
0, 37, 1,1
0, 200, 1,1
0, 734, 10,1
0, 4, 0,1
0, 65, 1,1
0, 85, 3,1
0, 15, 0,1
0, 25, 1,1
0, 1525, 11,1
0, 285, 1,1
0, 16, 0,1
0, 5, 0,1
0, 113, 1,1
2, 632, 17,1
1, 1652, 11,1
1, 6, 0,1
0, 107, 0,1
0, 26, 0,1
0, 344, 7,1
1, 166, 5,1
0, 440, 5,1
0, 237, 1,1
0, 244, 2,1
0, 140, 1,1
0, 478, 7,1
1, 98, 0,1
0, 22, 0,1
0, 63, 0,1
0, 525, 1,1
0, 74, 0,1
0, 89, 0,1
0, 659, 8,1
0, 182, 5,1
1, 302, 3,1
1, 342, 24,1
0, 2299, 16,1
0, 17, 0,1
0, 1925, 17,1
0, 26, 0,1
1, 9, 0,1
0, 28, 1,1
0, 158, 4,1
0, 174, 0,1
0, 1531, 11,1
0, 110, 0,1
0, 660, 5,1
0, 7, 0,1
0, 13, 0,1
1, 99, 0,1
0, 62, 0,1
0, 8, 0,1
0, 274, 3,1
0, 5, 0,1
0, 35, 0,1
0, 41, 0,1
0, 104, 2,1
1, 259, 3,1
0, 183, 4,1
0, 1332, 13,1
0, 116, 0,1
0, 131, 2,1
0, 76, 1,1
0, 215, 1,1
0, 147, 1,1
0, 32, 3,1
1, 16, 0,1
0, 40, 2,1
0, 69, 0,1
0, 764, 8,1
0, 79, 0,1
2, 86, 9,1
1, 903, 16,1
2, 238, 8,1
0, 1344, 22,1
0, 143, 2,1
0, 145, 3,1
0, 26, 0,1
0, 72, 0,1
0, 215, 0,1
1, 104, 1,1
0, 33, 2,1
0, 477, 2,1
0, 138, 1,1
1, 44, 0,1
0, 45, 1,1
0, 125, 10,1
0, 28, 0,1
0, 199, 2,1
1, 552, 0,1
2, 93, 5,1
0, 194, 3,1
0, 23, 0,1
0, 377, 7,1
0, 21, 0,1
0, 68, 0,1
0, 182, 3,1
0, 70, 0,1
0, 97, 2,1
1, 46, 1,1
0, 21, 3,1
0, 49, 0,1
0, 52, 2,1
0, 156, 9,1
0, 922, 11,1
1, 219, 5,1
0, 22, 1,1
0, 93, 0,1
1, 43, 0,1
0, 299, 3,1
1, 54, 2,1
0, 21, 0,1
0, 249, 1,1
0, 94, 3,1
0, 81, 2,1
0, 27, 2,1
0, 65, 0,1
0, 110, 0,1
1, 11, 0,1
0, 103, 5,1
0, 723, 8,1
0, 22, 1,1
0, 5, 0,1
1, 80, 2,1
0, 138, 7,1
0, 226, 6,1
0, 100, 4,1
0, 148, 1,1
1, 88, 0,1
0, 78, 1,1
0, 446, 6,1
1, 9, 0,1
0, 343, 2,1
1, 602, 0,1
2, 114, 0,1
0, 157, 1,1
0, 68, 2,1
0, 547, 0,1
0, 95, 1,1
0, 123, 0,1
0, 131, 1,1
0, 70, 0,1
0, 65, 0,1
0, 373, 7,1
0, 273, 3,1
0, 496, 5,1
0, 238, 2,1
0, 163, 4,1
1, 79, 2,1
0, 191, 0,1
1, 423, 3,1
1, 201, 2,1
2, 89, 1,1
0, 190, 0,1
0, 97, 0,1
0, 141, 1,1
0, 479, 6,1
0, 157, 0,1
0, 157, 0,1
1, 185, 2,1
1, 12, 0,1
0, 236, 1,1
0, 2704, 33,1
1, 130, 1,1
1, 123, 5,1
0, 100, 2,1
0, 102, 1,1
0, 88, 0,1
1, 29, 0,1
0, 171, 2,1
0, 208, 3,1
0, 44, 0,1
0, 67, 2,1
0, 24, 0,1
0, 66, 2,1
1, 105, 4,1
0, 488, 6,1
1, 40, 0,1
0, 48, 3,1
1, 10, 0,1
0, 106, 0,1
3, 800, 3,1
0, 54, 1,1
0, 65, 3,1
1, 60, 1,1
0, 93, 0,1
0, 252, 0,1
1, 45, 0,1
0, 157, 3,1
0, 1202, 12,1
0, 42, 0,1
0, 68, 1,1
0, 394, 1,1
0, 6, 0,1
0, 68, 2,1
0, 160, 9,1
0, 309, 3,1
2, 11, 0,1
0, 412, 2,1
0, 117, 2,1
0, 355, 3,1
0, 0, 0,1
0, 120, 5,1
0, 87, 0,1
0, 37, 1,1
0, 1439, 20,1
0, 37, 0,1
0, 117, 4,1
0, 31, 1,1
0, 359, 8,1
0, 175, 2,1
0, 123, 1,1
0, 81, 5,1
0, 4, 0,1
0, 293, 1,1
0, 82, 0,1
0, 144, 4,1
0, 837, 6,1
1, 102, 0,1
0, 572, 5,1
0, 126, 4,1
0, 3, 0,1
1, 21, 1,1
0, 852, 1,1
3, 1266, 21,1
0, 449, 6,1
0, 15, 0,1
0, 3961, 20,1
0, 93, 0,1
0, 217, 2,1
0, 628, 11,1
0, 30, 3,1
1, 69, 0,1
0, 1247, 18,1
1, 92, 3,1
0, 173, 3,1
0, 374, 2,1
0, 512, 15,1
0, 524, 1,1
0, 74, 0,1
0, 155, 2,1
1, 13, 0,1
1, 53, 2,1
0, 71, 1,1
0, 34, 2,1
0, 12, 0,1
0, 204, 1,1
0, 106, 1,1
0, 477, 5,1
0, 18, 0,1
1, 101, 4,1
1, 72, 2,1
1, 78, 0,1
0, 61, 0,1
0, 77, 1,1
0, 773, 16,1
0, 145, 1,1
0, 480, 5,1
1, 672, 3,1
0, 112, 2,1
0, 155, 1,1
0, 144, 2,1
0, 88, 0,1
1, 89, 2,1
1, 73, 0,1
2, 71, 5,1
0, 57, 1,1
0, 43, 2,1
0, 58, 0,1
0, 44, 1,1
0, 113, 4,1
0, 375, 5,1
0, 542, 8,1
1, 114, 3,1
0, 224, 0,1
0, 406, 4,1
0, 1642, 24,1
0, 166, 1,1
0, 48, 1,1
0, 87, 0,1
1, 45, 2,1
1, 7, 0,1
0, 328, 2,1
0, 15, 0,1
1, 199, 2,1
0, 880, 1,1
0, 271, 0,1
0, 221, 3,1
0, 40, 1,1
0, 171, 3,1
0, 291, 1,1
0, 159, 2,1
0, 332, 5,1
0, 1421, 5,1
0, 670, 2,1
0, 124, 10,1
0, 5, 0,1
0, 172, 2,1
0, 129, 0,1
0, 700, 8,1
0, 143, 4,1
0, 389, 2,1
0, 42, 1,1
1, 970, 5,1
0, 65, 0,1
0, 217, 0,1
0, 8, 0,1
0, 7, 0,1
0, 152, 1,1
1, 236, 3,1
0, 129, 5,1
0, 125, 4,1
0, 108, 3,1
